id,clinic_id,staff_id,date,shift_type,start_time,end_time,notes,created_at,updated_at
1,1,1,2026-05-11,full,09:00:00,18:00:00,"",2026-07-06 14:59:40.511971+09,2026-07-06 14:59:40.511971+09
2,1,2,2026-05-11,full,09:00:00,18:00:00,"",2026-07-06 14:59:40.511971+09,2026-07-06 14:59:40.511971+09
3,1,3,2026-05-11,full,09:00:00,18:00:00,"",2026-07-06 14:59:40.511971+09,2026-07-06 14:59:40.511971+09
4,1,4,2026-05-11,full,09:00:00,18:00:00,"",2026-07-06 14:59:40.511971+09,2026-07-06 14:59:40.511971+09
5,1,5,2026-05-11,full,09:00:00,18:00:00,"",2026-07-06 14:59:40.511971+09,2026-07-06 14:59:40.511971+09
6,1,6,2026-05-11,full,09:00:00,18:00:00,"",2026-07-06 14:59:40.511971+09,2026-07-06 14:59:40.511971+09
7,1,7,2026-05-11,full,09:00:00,18:00:00,"",2026-07-06 14:59:40.511971+09,2026-07-06 14:59:40.511971+09
8,1,8,2026-05-11,full,09:00:00,18:00:00,"",2026-07-06 14:59:40.511971+09,2026-07-06 14:59:40.511971+09
9,1,9,2026-05-11,full,09:00:00,18:00:00,"",2026-07-06 14:59:40.511971+09,2026-07-06 14:59:40.511971+09
10,1,10,2026-05-11,full,09:00:00,18:00:00,"",2026-07-06 14:59:40.511971+09,2026-07-06 14:59:40.511971+09
11,1,11,2026-05-11,full,09:00:00,18:00:00,"",2026-07-06 14:59:40.511971+09,2026-07-06 14:59:40.511971+09
12,1,33,2026-05-11,full,09:00:00,18:00:00,予約連動出勤（静的予約補正）,2026-07-06 14:59:40.511971+09,2026-07-06 14:59:40.511971+09
13,2,16,2026-05-11,full,09:00:00,18:00:00,"",2026-07-06 14:59:40.511971+09,2026-07-06 14:59:40.511971+09
14,2,17,2026-05-11,full,09:00:00,18:00:00,"",2026-07-06 14:59:40.511971+09,2026-07-06 14:59:40.511971+09
15,2,18,2026-05-11,full,09:00:00,18:00:00,"",2026-07-06 14:59:40.511971+09,2026-07-06 14:59:40.511971+09
16,2,19,2026-05-11,full,09:00:00,18:00:00,"",2026-07-06 14:59:40.511971+09,2026-07-06 14:59:40.511971+09
17,2,20,2026-05-11,full,09:00:00,18:00:00,"",2026-07-06 14:59:40.511971+09,2026-07-06 14:59:40.511971+09
18,2,21,2026-05-11,full,09:00:00,18:00:00,"",2026-07-06 14:59:40.511971+09,2026-07-06 14:59:40.511971+09
19,2,22,2026-05-11,full,09:00:00,18:00:00,"",2026-07-06 14:59:40.511971+09,2026-07-06 14:59:40.511971+09
20,2,34,2026-05-11,full,09:00:00,18:00:00,"",2026-07-06 14:59:40.511971+09,2026-07-06 14:59:40.511971+09
21,3,26,2026-05-11,full,09:00:00,18:00:00,"",2026-07-06 14:59:40.511971+09,2026-07-06 14:59:40.511971+09
22,3,27,2026-05-11,full,09:00:00,18:00:00,"",2026-07-06 14:59:40.511971+09,2026-07-06 14:59:40.511971+09
23,3,28,2026-05-11,full,09:00:00,18:00:00,"",2026-07-06 14:59:40.511971+09,2026-07-06 14:59:40.511971+09
24,3,29,2026-05-11,full,09:00:00,18:00:00,"",2026-07-06 14:59:40.511971+09,2026-07-06 14:59:40.511971+09
25,3,30,2026-05-11,full,09:00:00,18:00:00,"",2026-07-06 14:59:40.511971+09,2026-07-06 14:59:40.511971+09
26,3,35,2026-05-11,full,09:00:00,18:00:00,"",2026-07-06 14:59:40.511971+09,2026-07-06 14:59:40.511971+09
27,1,1,2026-05-12,full,09:00:00,18:00:00,"",2026-07-06 14:59:40.511971+09,2026-07-06 14:59:40.511971+09
28,1,2,2026-05-12,full,09:00:00,18:00:00,"",2026-07-06 14:59:40.511971+09,2026-07-06 14:59:40.511971+09
29,1,3,2026-05-12,full,09:00:00,18:00:00,"",2026-07-06 14:59:40.511971+09,2026-07-06 14:59:40.511971+09
30,1,4,2026-05-12,full,09:00:00,18:00:00,"",2026-07-06 14:59:40.511971+09,2026-07-06 14:59:40.511971+09
31,1,5,2026-05-12,full,09:00:00,18:00:00,"",2026-07-06 14:59:40.511971+09,2026-07-06 14:59:40.511971+09
32,1,6,2026-05-12,full,09:00:00,18:00:00,"",2026-07-06 14:59:40.511971+09,2026-07-06 14:59:40.511971+09
33,1,7,2026-05-12,full,09:00:00,18:00:00,"",2026-07-06 14:59:40.511971+09,2026-07-06 14:59:40.511971+09
34,1,8,2026-05-12,full,09:00:00,18:00:00,"",2026-07-06 14:59:40.511971+09,2026-07-06 14:59:40.511971+09
35,1,9,2026-05-12,full,09:00:00,18:00:00,"",2026-07-06 14:59:40.511971+09,2026-07-06 14:59:40.511971+09
36,1,10,2026-05-12,full,09:00:00,18:00:00,"",2026-07-06 14:59:40.511971+09,2026-07-06 14:59:40.511971+09
37,1,11,2026-05-12,full,09:00:00,18:00:00,"",2026-07-06 14:59:40.511971+09,2026-07-06 14:59:40.511971+09
38,1,33,2026-05-12,full,09:00:00,18:00:00,予約連動出勤（静的予約補正）,2026-07-06 14:59:40.511971+09,2026-07-06 14:59:40.511971+09
39,2,16,2026-05-12,full,09:00:00,18:00:00,"",2026-07-06 14:59:40.511971+09,2026-07-06 14:59:40.511971+09
40,2,17,2026-05-12,full,09:00:00,18:00:00,"",2026-07-06 14:59:40.511971+09,2026-07-06 14:59:40.511971+09
41,2,18,2026-05-12,full,09:00:00,18:00:00,"",2026-07-06 14:59:40.511971+09,2026-07-06 14:59:40.511971+09
42,2,19,2026-05-12,full,09:00:00,18:00:00,"",2026-07-06 14:59:40.511971+09,2026-07-06 14:59:40.511971+09
43,2,20,2026-05-12,full,09:00:00,18:00:00,"",2026-07-06 14:59:40.511971+09,2026-07-06 14:59:40.511971+09
44,2,21,2026-05-12,full,09:00:00,18:00:00,"",2026-07-06 14:59:40.511971+09,2026-07-06 14:59:40.511971+09
45,2,22,2026-05-12,full,09:00:00,18:00:00,"",2026-07-06 14:59:40.511971+09,2026-07-06 14:59:40.511971+09
46,2,34,2026-05-12,full,09:00:00,18:00:00,"",2026-07-06 14:59:40.511971+09,2026-07-06 14:59:40.511971+09
47,3,26,2026-05-12,full,09:00:00,18:00:00,"",2026-07-06 14:59:40.511971+09,2026-07-06 14:59:40.511971+09
48,3,27,2026-05-12,full,09:00:00,18:00:00,"",2026-07-06 14:59:40.511971+09,2026-07-06 14:59:40.511971+09
49,3,28,2026-05-12,full,09:00:00,18:00:00,"",2026-07-06 14:59:40.511971+09,2026-07-06 14:59:40.511971+09
50,3,29,2026-05-12,full,09:00:00,18:00:00,"",2026-07-06 14:59:40.511971+09,2026-07-06 14:59:40.511971+09
51,3,30,2026-05-12,full,09:00:00,18:00:00,"",2026-07-06 14:59:40.511971+09,2026-07-06 14:59:40.511971+09
52,3,35,2026-05-12,full,09:00:00,18:00:00,"",2026-07-06 14:59:40.511971+09,2026-07-06 14:59:40.511971+09
53,1,1,2026-05-13,full,09:00:00,18:00:00,"",2026-07-06 14:59:40.511971+09,2026-07-06 14:59:40.511971+09
54,1,2,2026-05-13,full,09:00:00,18:00:00,"",2026-07-06 14:59:40.511971+09,2026-07-06 14:59:40.511971+09
55,1,3,2026-05-13,full,09:00:00,18:00:00,"",2026-07-06 14:59:40.511971+09,2026-07-06 14:59:40.511971+09
56,1,4,2026-05-13,full,09:00:00,18:00:00,"",2026-07-06 14:59:40.511971+09,2026-07-06 14:59:40.511971+09
57,1,5,2026-05-13,full,09:00:00,18:00:00,"",2026-07-06 14:59:40.511971+09,2026-07-06 14:59:40.511971+09
58,1,6,2026-05-13,full,09:00:00,18:00:00,"",2026-07-06 14:59:40.511971+09,2026-07-06 14:59:40.511971+09
59,1,7,2026-05-13,full,09:00:00,18:00:00,"",2026-07-06 14:59:40.511971+09,2026-07-06 14:59:40.511971+09
60,1,8,2026-05-13,full,09:00:00,18:00:00,"",2026-07-06 14:59:40.511971+09,2026-07-06 14:59:40.511971+09
61,1,9,2026-05-13,full,09:00:00,18:00:00,"",2026-07-06 14:59:40.511971+09,2026-07-06 14:59:40.511971+09
62,1,10,2026-05-13,full,09:00:00,18:00:00,"",2026-07-06 14:59:40.511971+09,2026-07-06 14:59:40.511971+09
63,1,11,2026-05-13,full,09:00:00,18:00:00,"",2026-07-06 14:59:40.511971+09,2026-07-06 14:59:40.511971+09
64,1,33,2026-05-13,full,09:00:00,18:00:00,予約連動出勤（静的予約補正）,2026-07-06 14:59:40.511971+09,2026-07-06 14:59:40.511971+09
65,2,16,2026-05-13,full,09:00:00,18:00:00,"",2026-07-06 14:59:40.511971+09,2026-07-06 14:59:40.511971+09
66,2,17,2026-05-13,full,09:00:00,18:00:00,"",2026-07-06 14:59:40.511971+09,2026-07-06 14:59:40.511971+09
67,2,18,2026-05-13,full,09:00:00,18:00:00,"",2026-07-06 14:59:40.511971+09,2026-07-06 14:59:40.511971+09
68,2,19,2026-05-13,full,09:00:00,18:00:00,"",2026-07-06 14:59:40.511971+09,2026-07-06 14:59:40.511971+09
69,2,20,2026-05-13,full,09:00:00,18:00:00,"",2026-07-06 14:59:40.511971+09,2026-07-06 14:59:40.511971+09
70,2,21,2026-05-13,full,09:00:00,18:00:00,"",2026-07-06 14:59:40.511971+09,2026-07-06 14:59:40.511971+09
71,2,22,2026-05-13,full,09:00:00,18:00:00,"",2026-07-06 14:59:40.511971+09,2026-07-06 14:59:40.511971+09
72,2,34,2026-05-13,full,09:00:00,18:00:00,"",2026-07-06 14:59:40.511971+09,2026-07-06 14:59:40.511971+09
73,3,26,2026-05-13,full,09:00:00,18:00:00,"",2026-07-06 14:59:40.511971+09,2026-07-06 14:59:40.511971+09
74,3,27,2026-05-13,full,09:00:00,18:00:00,"",2026-07-06 14:59:40.511971+09,2026-07-06 14:59:40.511971+09
75,3,28,2026-05-13,full,09:00:00,18:00:00,"",2026-07-06 14:59:40.511971+09,2026-07-06 14:59:40.511971+09
76,3,29,2026-05-13,full,09:00:00,18:00:00,"",2026-07-06 14:59:40.511971+09,2026-07-06 14:59:40.511971+09
77,3,30,2026-05-13,full,09:00:00,18:00:00,"",2026-07-06 14:59:40.511971+09,2026-07-06 14:59:40.511971+09
78,3,35,2026-05-13,full,09:00:00,18:00:00,"",2026-07-06 14:59:40.511971+09,2026-07-06 14:59:40.511971+09
79,1,1,2026-05-14,full,09:00:00,18:00:00,"",2026-07-06 14:59:40.511971+09,2026-07-06 14:59:40.511971+09
80,1,2,2026-05-14,full,09:00:00,18:00:00,"",2026-07-06 14:59:40.511971+09,2026-07-06 14:59:40.511971+09
81,1,3,2026-05-14,full,09:00:00,18:00:00,"",2026-07-06 14:59:40.511971+09,2026-07-06 14:59:40.511971+09
82,1,4,2026-05-14,full,09:00:00,18:00:00,"",2026-07-06 14:59:40.511971+09,2026-07-06 14:59:40.511971+09
83,1,5,2026-05-14,full,09:00:00,18:00:00,"",2026-07-06 14:59:40.511971+09,2026-07-06 14:59:40.511971+09
84,1,6,2026-05-14,full,09:00:00,18:00:00,"",2026-07-06 14:59:40.511971+09,2026-07-06 14:59:40.511971+09
85,1,7,2026-05-14,full,09:00:00,18:00:00,"",2026-07-06 14:59:40.511971+09,2026-07-06 14:59:40.511971+09
86,1,8,2026-05-14,full,09:00:00,18:00:00,"",2026-07-06 14:59:40.511971+09,2026-07-06 14:59:40.511971+09
87,1,9,2026-05-14,full,09:00:00,18:00:00,"",2026-07-06 14:59:40.511971+09,2026-07-06 14:59:40.511971+09
88,1,10,2026-05-14,full,09:00:00,18:00:00,"",2026-07-06 14:59:40.511971+09,2026-07-06 14:59:40.511971+09
89,1,11,2026-05-14,full,09:00:00,18:00:00,"",2026-07-06 14:59:40.511971+09,2026-07-06 14:59:40.511971+09
90,1,33,2026-05-14,full,09:00:00,18:00:00,予約連動出勤（静的予約補正）,2026-07-06 14:59:40.511971+09,2026-07-06 14:59:40.511971+09
91,2,16,2026-05-14,full,09:00:00,18:00:00,"",2026-07-06 14:59:40.511971+09,2026-07-06 14:59:40.511971+09
92,2,17,2026-05-14,full,09:00:00,18:00:00,"",2026-07-06 14:59:40.511971+09,2026-07-06 14:59:40.511971+09
93,2,18,2026-05-14,full,09:00:00,18:00:00,"",2026-07-06 14:59:40.511971+09,2026-07-06 14:59:40.511971+09
94,2,19,2026-05-14,full,09:00:00,18:00:00,"",2026-07-06 14:59:40.511971+09,2026-07-06 14:59:40.511971+09
95,2,20,2026-05-14,full,09:00:00,18:00:00,"",2026-07-06 14:59:40.511971+09,2026-07-06 14:59:40.511971+09
96,2,21,2026-05-14,full,09:00:00,18:00:00,"",2026-07-06 14:59:40.511971+09,2026-07-06 14:59:40.511971+09
97,2,22,2026-05-14,full,09:00:00,18:00:00,"",2026-07-06 14:59:40.511971+09,2026-07-06 14:59:40.511971+09
98,2,34,2026-05-14,full,09:00:00,18:00:00,"",2026-07-06 14:59:40.511971+09,2026-07-06 14:59:40.511971+09
99,3,26,2026-05-14,full,09:00:00,18:00:00,"",2026-07-06 14:59:40.511971+09,2026-07-06 14:59:40.511971+09
100,3,27,2026-05-14,full,09:00:00,18:00:00,"",2026-07-06 14:59:40.511971+09,2026-07-06 14:59:40.511971+09
101,3,28,2026-05-14,full,09:00:00,18:00:00,"",2026-07-06 14:59:40.511971+09,2026-07-06 14:59:40.511971+09
102,3,29,2026-05-14,full,09:00:00,18:00:00,"",2026-07-06 14:59:40.511971+09,2026-07-06 14:59:40.511971+09
103,3,30,2026-05-14,full,09:00:00,18:00:00,"",2026-07-06 14:59:40.511971+09,2026-07-06 14:59:40.511971+09
104,3,35,2026-05-14,full,09:00:00,18:00:00,"",2026-07-06 14:59:40.511971+09,2026-07-06 14:59:40.511971+09
105,1,1,2026-05-15,full,09:00:00,18:00:00,"",2026-07-06 14:59:40.511971+09,2026-07-06 14:59:40.511971+09
106,1,2,2026-05-15,full,09:00:00,18:00:00,"",2026-07-06 14:59:40.511971+09,2026-07-06 14:59:40.511971+09
107,1,3,2026-05-15,full,09:00:00,18:00:00,"",2026-07-06 14:59:40.511971+09,2026-07-06 14:59:40.511971+09
108,1,4,2026-05-15,full,09:00:00,18:00:00,"",2026-07-06 14:59:40.511971+09,2026-07-06 14:59:40.511971+09
109,1,5,2026-05-15,full,09:00:00,18:00:00,"",2026-07-06 14:59:40.511971+09,2026-07-06 14:59:40.511971+09
110,1,6,2026-05-15,full,09:00:00,18:00:00,"",2026-07-06 14:59:40.511971+09,2026-07-06 14:59:40.511971+09
111,1,7,2026-05-15,full,09:00:00,18:00:00,"",2026-07-06 14:59:40.511971+09,2026-07-06 14:59:40.511971+09
112,1,8,2026-05-15,full,09:00:00,18:00:00,"",2026-07-06 14:59:40.511971+09,2026-07-06 14:59:40.511971+09
113,1,9,2026-05-15,full,09:00:00,18:00:00,"",2026-07-06 14:59:40.511971+09,2026-07-06 14:59:40.511971+09
114,1,10,2026-05-15,full,09:00:00,18:00:00,"",2026-07-06 14:59:40.511971+09,2026-07-06 14:59:40.511971+09
115,1,11,2026-05-15,full,09:00:00,18:00:00,"",2026-07-06 14:59:40.511971+09,2026-07-06 14:59:40.511971+09
116,1,33,2026-05-15,full,09:00:00,18:00:00,予約連動出勤（静的予約補正）,2026-07-06 14:59:40.511971+09,2026-07-06 14:59:40.511971+09
117,2,16,2026-05-15,full,09:00:00,18:00:00,"",2026-07-06 14:59:40.511971+09,2026-07-06 14:59:40.511971+09
118,2,17,2026-05-15,full,09:00:00,18:00:00,"",2026-07-06 14:59:40.511971+09,2026-07-06 14:59:40.511971+09
119,2,18,2026-05-15,full,09:00:00,18:00:00,"",2026-07-06 14:59:40.511971+09,2026-07-06 14:59:40.511971+09
120,2,19,2026-05-15,full,09:00:00,18:00:00,"",2026-07-06 14:59:40.511971+09,2026-07-06 14:59:40.511971+09
121,2,20,2026-05-15,full,09:00:00,18:00:00,"",2026-07-06 14:59:40.511971+09,2026-07-06 14:59:40.511971+09
122,2,21,2026-05-15,full,09:00:00,18:00:00,"",2026-07-06 14:59:40.511971+09,2026-07-06 14:59:40.511971+09
123,2,22,2026-05-15,full,09:00:00,18:00:00,"",2026-07-06 14:59:40.511971+09,2026-07-06 14:59:40.511971+09
124,2,34,2026-05-15,full,09:00:00,18:00:00,"",2026-07-06 14:59:40.511971+09,2026-07-06 14:59:40.511971+09
125,3,26,2026-05-15,full,09:00:00,18:00:00,"",2026-07-06 14:59:40.511971+09,2026-07-06 14:59:40.511971+09
126,3,27,2026-05-15,full,09:00:00,18:00:00,"",2026-07-06 14:59:40.511971+09,2026-07-06 14:59:40.511971+09
127,3,28,2026-05-15,full,09:00:00,18:00:00,"",2026-07-06 14:59:40.511971+09,2026-07-06 14:59:40.511971+09
128,3,29,2026-05-15,full,09:00:00,18:00:00,"",2026-07-06 14:59:40.511971+09,2026-07-06 14:59:40.511971+09
129,3,30,2026-05-15,full,09:00:00,18:00:00,"",2026-07-06 14:59:40.511971+09,2026-07-06 14:59:40.511971+09
130,3,35,2026-05-15,full,09:00:00,18:00:00,"",2026-07-06 14:59:40.511971+09,2026-07-06 14:59:40.511971+09
131,1,1,2026-05-16,morning,09:00:00,13:00:00,"",2026-07-06 14:59:40.511971+09,2026-07-06 14:59:40.511971+09
132,1,2,2026-05-16,morning,09:00:00,13:00:00,"",2026-07-06 14:59:40.511971+09,2026-07-06 14:59:40.511971+09
133,1,3,2026-05-16,morning,09:00:00,13:00:00,"",2026-07-06 14:59:40.511971+09,2026-07-06 14:59:40.511971+09
134,1,4,2026-05-16,morning,09:00:00,13:00:00,"",2026-07-06 14:59:40.511971+09,2026-07-06 14:59:40.511971+09
135,1,5,2026-05-16,morning,09:00:00,13:00:00,"",2026-07-06 14:59:40.511971+09,2026-07-06 14:59:40.511971+09
136,1,6,2026-05-16,morning,09:00:00,13:00:00,"",2026-07-06 14:59:40.511971+09,2026-07-06 14:59:40.511971+09
137,1,7,2026-05-16,morning,09:00:00,13:00:00,"",2026-07-06 14:59:40.511971+09,2026-07-06 14:59:40.511971+09
138,1,8,2026-05-16,morning,09:00:00,13:00:00,"",2026-07-06 14:59:40.511971+09,2026-07-06 14:59:40.511971+09
139,1,9,2026-05-16,morning,09:00:00,13:00:00,"",2026-07-06 14:59:40.511971+09,2026-07-06 14:59:40.511971+09
140,1,10,2026-05-16,morning,09:00:00,13:00:00,"",2026-07-06 14:59:40.511971+09,2026-07-06 14:59:40.511971+09
141,1,11,2026-05-16,morning,09:00:00,13:00:00,"",2026-07-06 14:59:40.511971+09,2026-07-06 14:59:40.511971+09
142,1,33,2026-05-16,full,09:00:00,18:00:00,予約連動出勤（静的予約補正）,2026-07-06 14:59:40.511971+09,2026-07-06 14:59:40.511971+09
143,2,16,2026-05-16,morning,09:00:00,13:00:00,"",2026-07-06 14:59:40.511971+09,2026-07-06 14:59:40.511971+09
144,2,17,2026-05-16,morning,09:00:00,13:00:00,"",2026-07-06 14:59:40.511971+09,2026-07-06 14:59:40.511971+09
145,2,18,2026-05-16,morning,09:00:00,13:00:00,"",2026-07-06 14:59:40.511971+09,2026-07-06 14:59:40.511971+09
146,2,19,2026-05-16,morning,09:00:00,13:00:00,"",2026-07-06 14:59:40.511971+09,2026-07-06 14:59:40.511971+09
147,2,20,2026-05-16,morning,09:00:00,13:00:00,"",2026-07-06 14:59:40.511971+09,2026-07-06 14:59:40.511971+09
148,2,21,2026-05-16,morning,09:00:00,13:00:00,"",2026-07-06 14:59:40.511971+09,2026-07-06 14:59:40.511971+09
149,2,22,2026-05-16,morning,09:00:00,13:00:00,"",2026-07-06 14:59:40.511971+09,2026-07-06 14:59:40.511971+09
150,2,34,2026-05-16,morning,09:00:00,13:00:00,"",2026-07-06 14:59:40.511971+09,2026-07-06 14:59:40.511971+09
151,3,26,2026-05-16,morning,09:00:00,13:00:00,"",2026-07-06 14:59:40.511971+09,2026-07-06 14:59:40.511971+09
152,3,27,2026-05-16,morning,09:00:00,13:00:00,"",2026-07-06 14:59:40.511971+09,2026-07-06 14:59:40.511971+09
153,3,28,2026-05-16,morning,09:00:00,13:00:00,"",2026-07-06 14:59:40.511971+09,2026-07-06 14:59:40.511971+09
154,3,29,2026-05-16,morning,09:00:00,13:00:00,"",2026-07-06 14:59:40.511971+09,2026-07-06 14:59:40.511971+09
155,3,30,2026-05-16,morning,09:00:00,13:00:00,"",2026-07-06 14:59:40.511971+09,2026-07-06 14:59:40.511971+09
156,3,35,2026-05-16,morning,09:00:00,13:00:00,"",2026-07-06 14:59:40.511971+09,2026-07-06 14:59:40.511971+09
157,1,1,2026-05-17,off,,,"",2026-07-06 14:59:40.511971+09,2026-07-06 14:59:40.511971+09
158,1,2,2026-05-17,off,,,"",2026-07-06 14:59:40.511971+09,2026-07-06 14:59:40.511971+09
159,1,3,2026-05-17,off,,,"",2026-07-06 14:59:40.511971+09,2026-07-06 14:59:40.511971+09
160,1,4,2026-05-17,off,,,"",2026-07-06 14:59:40.511971+09,2026-07-06 14:59:40.511971+09
161,1,5,2026-05-17,off,,,"",2026-07-06 14:59:40.511971+09,2026-07-06 14:59:40.511971+09
162,1,6,2026-05-17,off,,,"",2026-07-06 14:59:40.511971+09,2026-07-06 14:59:40.511971+09
163,1,7,2026-05-17,off,,,"",2026-07-06 14:59:40.511971+09,2026-07-06 14:59:40.511971+09
164,1,8,2026-05-17,off,,,"",2026-07-06 14:59:40.511971+09,2026-07-06 14:59:40.511971+09
165,1,9,2026-05-17,off,,,"",2026-07-06 14:59:40.511971+09,2026-07-06 14:59:40.511971+09
166,1,10,2026-05-17,off,,,"",2026-07-06 14:59:40.511971+09,2026-07-06 14:59:40.511971+09
167,1,11,2026-05-17,off,,,"",2026-07-06 14:59:40.511971+09,2026-07-06 14:59:40.511971+09
168,1,33,2026-05-17,full,09:00:00,18:00:00,予約連動出勤（静的予約補正）,2026-07-06 14:59:40.511971+09,2026-07-06 14:59:40.511971+09
169,2,16,2026-05-17,off,,,"",2026-07-06 14:59:40.511971+09,2026-07-06 14:59:40.511971+09
170,2,17,2026-05-17,off,,,"",2026-07-06 14:59:40.511971+09,2026-07-06 14:59:40.511971+09
171,2,18,2026-05-17,off,,,"",2026-07-06 14:59:40.511971+09,2026-07-06 14:59:40.511971+09
172,2,19,2026-05-17,off,,,"",2026-07-06 14:59:40.511971+09,2026-07-06 14:59:40.511971+09
173,2,20,2026-05-17,off,,,"",2026-07-06 14:59:40.511971+09,2026-07-06 14:59:40.511971+09
174,2,21,2026-05-17,off,,,"",2026-07-06 14:59:40.511971+09,2026-07-06 14:59:40.511971+09
175,2,22,2026-05-17,off,,,"",2026-07-06 14:59:40.511971+09,2026-07-06 14:59:40.511971+09
176,2,34,2026-05-17,off,,,"",2026-07-06 14:59:40.511971+09,2026-07-06 14:59:40.511971+09
177,3,26,2026-05-17,off,,,"",2026-07-06 14:59:40.511971+09,2026-07-06 14:59:40.511971+09
178,3,27,2026-05-17,off,,,"",2026-07-06 14:59:40.511971+09,2026-07-06 14:59:40.511971+09
179,3,28,2026-05-17,off,,,"",2026-07-06 14:59:40.511971+09,2026-07-06 14:59:40.511971+09
180,3,29,2026-05-17,off,,,"",2026-07-06 14:59:40.511971+09,2026-07-06 14:59:40.511971+09
181,3,30,2026-05-17,off,,,"",2026-07-06 14:59:40.511971+09,2026-07-06 14:59:40.511971+09
182,3,35,2026-05-17,off,,,"",2026-07-06 14:59:40.511971+09,2026-07-06 14:59:40.511971+09
183,1,1,2026-05-18,full,09:00:00,18:00:00,"",2026-07-06 14:59:40.511971+09,2026-07-06 14:59:40.511971+09
184,1,2,2026-05-18,full,09:00:00,18:00:00,"",2026-07-06 14:59:40.511971+09,2026-07-06 14:59:40.511971+09
185,1,3,2026-05-18,full,09:00:00,18:00:00,"",2026-07-06 14:59:40.511971+09,2026-07-06 14:59:40.511971+09
186,1,4,2026-05-18,full,09:00:00,18:00:00,"",2026-07-06 14:59:40.511971+09,2026-07-06 14:59:40.511971+09
187,1,5,2026-05-18,full,09:00:00,18:00:00,"",2026-07-06 14:59:40.511971+09,2026-07-06 14:59:40.511971+09
188,1,6,2026-05-18,full,09:00:00,18:00:00,"",2026-07-06 14:59:40.511971+09,2026-07-06 14:59:40.511971+09
189,1,7,2026-05-18,full,09:00:00,18:00:00,"",2026-07-06 14:59:40.511971+09,2026-07-06 14:59:40.511971+09
190,1,8,2026-05-18,full,09:00:00,18:00:00,"",2026-07-06 14:59:40.511971+09,2026-07-06 14:59:40.511971+09
191,1,9,2026-05-18,full,09:00:00,18:00:00,"",2026-07-06 14:59:40.511971+09,2026-07-06 14:59:40.511971+09
192,1,10,2026-05-18,full,09:00:00,18:00:00,"",2026-07-06 14:59:40.511971+09,2026-07-06 14:59:40.511971+09
193,1,11,2026-05-18,full,09:00:00,18:00:00,"",2026-07-06 14:59:40.511971+09,2026-07-06 14:59:40.511971+09
194,1,33,2026-05-18,full,09:00:00,18:00:00,予約連動出勤（静的予約補正）,2026-07-06 14:59:40.511971+09,2026-07-06 14:59:40.511971+09
195,2,16,2026-05-18,full,09:00:00,18:00:00,"",2026-07-06 14:59:40.511971+09,2026-07-06 14:59:40.511971+09
196,2,17,2026-05-18,full,09:00:00,18:00:00,"",2026-07-06 14:59:40.511971+09,2026-07-06 14:59:40.511971+09
197,2,18,2026-05-18,full,09:00:00,18:00:00,"",2026-07-06 14:59:40.511971+09,2026-07-06 14:59:40.511971+09
198,2,19,2026-05-18,full,09:00:00,18:00:00,"",2026-07-06 14:59:40.511971+09,2026-07-06 14:59:40.511971+09
199,2,20,2026-05-18,full,09:00:00,18:00:00,"",2026-07-06 14:59:40.511971+09,2026-07-06 14:59:40.511971+09
200,2,21,2026-05-18,full,09:00:00,18:00:00,"",2026-07-06 14:59:40.511971+09,2026-07-06 14:59:40.511971+09
201,2,22,2026-05-18,full,09:00:00,18:00:00,"",2026-07-06 14:59:40.511971+09,2026-07-06 14:59:40.511971+09
202,2,34,2026-05-18,full,09:00:00,18:00:00,"",2026-07-06 14:59:40.511971+09,2026-07-06 14:59:40.511971+09
203,3,26,2026-05-18,full,09:00:00,18:00:00,"",2026-07-06 14:59:40.511971+09,2026-07-06 14:59:40.511971+09
204,3,27,2026-05-18,full,09:00:00,18:00:00,"",2026-07-06 14:59:40.511971+09,2026-07-06 14:59:40.511971+09
205,3,28,2026-05-18,full,09:00:00,18:00:00,"",2026-07-06 14:59:40.511971+09,2026-07-06 14:59:40.511971+09
206,3,29,2026-05-18,full,09:00:00,18:00:00,"",2026-07-06 14:59:40.511971+09,2026-07-06 14:59:40.511971+09
207,3,30,2026-05-18,full,09:00:00,18:00:00,"",2026-07-06 14:59:40.511971+09,2026-07-06 14:59:40.511971+09
208,3,35,2026-05-18,full,09:00:00,18:00:00,"",2026-07-06 14:59:40.511971+09,2026-07-06 14:59:40.511971+09
209,1,1,2026-05-19,full,09:00:00,18:00:00,"",2026-07-06 14:59:40.511971+09,2026-07-06 14:59:40.511971+09
210,1,2,2026-05-19,full,09:00:00,18:00:00,"",2026-07-06 14:59:40.511971+09,2026-07-06 14:59:40.511971+09
211,1,3,2026-05-19,full,09:00:00,18:00:00,"",2026-07-06 14:59:40.511971+09,2026-07-06 14:59:40.511971+09
212,1,4,2026-05-19,full,09:00:00,18:00:00,"",2026-07-06 14:59:40.511971+09,2026-07-06 14:59:40.511971+09
213,1,5,2026-05-19,full,09:00:00,18:00:00,"",2026-07-06 14:59:40.511971+09,2026-07-06 14:59:40.511971+09
214,1,6,2026-05-19,full,09:00:00,18:00:00,"",2026-07-06 14:59:40.511971+09,2026-07-06 14:59:40.511971+09
215,1,7,2026-05-19,full,09:00:00,18:00:00,"",2026-07-06 14:59:40.511971+09,2026-07-06 14:59:40.511971+09
216,1,8,2026-05-19,full,09:00:00,18:00:00,"",2026-07-06 14:59:40.511971+09,2026-07-06 14:59:40.511971+09
217,1,9,2026-05-19,full,09:00:00,18:00:00,"",2026-07-06 14:59:40.511971+09,2026-07-06 14:59:40.511971+09
218,1,10,2026-05-19,full,09:00:00,18:00:00,"",2026-07-06 14:59:40.511971+09,2026-07-06 14:59:40.511971+09
219,1,11,2026-05-19,full,09:00:00,18:00:00,"",2026-07-06 14:59:40.511971+09,2026-07-06 14:59:40.511971+09
220,1,33,2026-05-19,full,09:00:00,18:00:00,予約連動出勤（静的予約補正）,2026-07-06 14:59:40.511971+09,2026-07-06 14:59:40.511971+09
221,2,16,2026-05-19,full,09:00:00,18:00:00,"",2026-07-06 14:59:40.511971+09,2026-07-06 14:59:40.511971+09
222,2,17,2026-05-19,full,09:00:00,18:00:00,"",2026-07-06 14:59:40.511971+09,2026-07-06 14:59:40.511971+09
223,2,18,2026-05-19,full,09:00:00,18:00:00,"",2026-07-06 14:59:40.511971+09,2026-07-06 14:59:40.511971+09
224,2,19,2026-05-19,full,09:00:00,18:00:00,"",2026-07-06 14:59:40.511971+09,2026-07-06 14:59:40.511971+09
225,2,20,2026-05-19,full,09:00:00,18:00:00,"",2026-07-06 14:59:40.511971+09,2026-07-06 14:59:40.511971+09
226,2,21,2026-05-19,full,09:00:00,18:00:00,"",2026-07-06 14:59:40.511971+09,2026-07-06 14:59:40.511971+09
227,2,22,2026-05-19,full,09:00:00,18:00:00,"",2026-07-06 14:59:40.511971+09,2026-07-06 14:59:40.511971+09
228,2,34,2026-05-19,full,09:00:00,18:00:00,"",2026-07-06 14:59:40.511971+09,2026-07-06 14:59:40.511971+09
229,3,26,2026-05-19,full,09:00:00,18:00:00,"",2026-07-06 14:59:40.511971+09,2026-07-06 14:59:40.511971+09
230,3,27,2026-05-19,full,09:00:00,18:00:00,"",2026-07-06 14:59:40.511971+09,2026-07-06 14:59:40.511971+09
231,3,28,2026-05-19,full,09:00:00,18:00:00,"",2026-07-06 14:59:40.511971+09,2026-07-06 14:59:40.511971+09
232,3,29,2026-05-19,full,09:00:00,18:00:00,"",2026-07-06 14:59:40.511971+09,2026-07-06 14:59:40.511971+09
233,3,30,2026-05-19,full,09:00:00,18:00:00,"",2026-07-06 14:59:40.511971+09,2026-07-06 14:59:40.511971+09
234,3,35,2026-05-19,full,09:00:00,18:00:00,"",2026-07-06 14:59:40.511971+09,2026-07-06 14:59:40.511971+09
235,1,1,2026-05-20,full,09:00:00,18:00:00,"",2026-07-06 14:59:40.511971+09,2026-07-06 14:59:40.511971+09
236,1,2,2026-05-20,full,09:00:00,18:00:00,"",2026-07-06 14:59:40.511971+09,2026-07-06 14:59:40.511971+09
237,1,3,2026-05-20,full,09:00:00,18:00:00,"",2026-07-06 14:59:40.511971+09,2026-07-06 14:59:40.511971+09
238,1,4,2026-05-20,full,09:00:00,18:00:00,"",2026-07-06 14:59:40.511971+09,2026-07-06 14:59:40.511971+09
239,1,5,2026-05-20,full,09:00:00,18:00:00,"",2026-07-06 14:59:40.511971+09,2026-07-06 14:59:40.511971+09
240,1,6,2026-05-20,full,09:00:00,18:00:00,"",2026-07-06 14:59:40.511971+09,2026-07-06 14:59:40.511971+09
241,1,7,2026-05-20,full,09:00:00,18:00:00,"",2026-07-06 14:59:40.511971+09,2026-07-06 14:59:40.511971+09
242,1,8,2026-05-20,full,09:00:00,18:00:00,"",2026-07-06 14:59:40.511971+09,2026-07-06 14:59:40.511971+09
243,1,9,2026-05-20,full,09:00:00,18:00:00,"",2026-07-06 14:59:40.511971+09,2026-07-06 14:59:40.511971+09
244,1,10,2026-05-20,full,09:00:00,18:00:00,"",2026-07-06 14:59:40.511971+09,2026-07-06 14:59:40.511971+09
245,1,11,2026-05-20,full,09:00:00,18:00:00,"",2026-07-06 14:59:40.511971+09,2026-07-06 14:59:40.511971+09
246,1,33,2026-05-20,full,09:00:00,18:00:00,予約連動出勤（静的予約補正）,2026-07-06 14:59:40.511971+09,2026-07-06 14:59:40.511971+09
247,2,16,2026-05-20,full,09:00:00,18:00:00,"",2026-07-06 14:59:40.511971+09,2026-07-06 14:59:40.511971+09
248,2,17,2026-05-20,full,09:00:00,18:00:00,"",2026-07-06 14:59:40.511971+09,2026-07-06 14:59:40.511971+09
249,2,18,2026-05-20,full,09:00:00,18:00:00,"",2026-07-06 14:59:40.511971+09,2026-07-06 14:59:40.511971+09
250,2,19,2026-05-20,full,09:00:00,18:00:00,"",2026-07-06 14:59:40.511971+09,2026-07-06 14:59:40.511971+09
251,2,20,2026-05-20,full,09:00:00,18:00:00,"",2026-07-06 14:59:40.511971+09,2026-07-06 14:59:40.511971+09
252,2,21,2026-05-20,full,09:00:00,18:00:00,"",2026-07-06 14:59:40.511971+09,2026-07-06 14:59:40.511971+09
253,2,22,2026-05-20,full,09:00:00,18:00:00,"",2026-07-06 14:59:40.511971+09,2026-07-06 14:59:40.511971+09
254,2,34,2026-05-20,full,09:00:00,18:00:00,"",2026-07-06 14:59:40.511971+09,2026-07-06 14:59:40.511971+09
255,3,26,2026-05-20,full,09:00:00,18:00:00,"",2026-07-06 14:59:40.511971+09,2026-07-06 14:59:40.511971+09
256,3,27,2026-05-20,full,09:00:00,18:00:00,"",2026-07-06 14:59:40.511971+09,2026-07-06 14:59:40.511971+09
257,3,28,2026-05-20,full,09:00:00,18:00:00,"",2026-07-06 14:59:40.511971+09,2026-07-06 14:59:40.511971+09
258,3,29,2026-05-20,full,09:00:00,18:00:00,"",2026-07-06 14:59:40.511971+09,2026-07-06 14:59:40.511971+09
259,3,30,2026-05-20,full,09:00:00,18:00:00,"",2026-07-06 14:59:40.511971+09,2026-07-06 14:59:40.511971+09
260,3,35,2026-05-20,full,09:00:00,18:00:00,"",2026-07-06 14:59:40.511971+09,2026-07-06 14:59:40.511971+09
261,1,1,2026-05-21,full,09:00:00,18:00:00,"",2026-07-06 14:59:40.511971+09,2026-07-06 14:59:40.511971+09
262,1,2,2026-05-21,full,09:00:00,18:00:00,"",2026-07-06 14:59:40.511971+09,2026-07-06 14:59:40.511971+09
263,1,3,2026-05-21,full,09:00:00,18:00:00,"",2026-07-06 14:59:40.511971+09,2026-07-06 14:59:40.511971+09
264,1,4,2026-05-21,full,09:00:00,18:00:00,"",2026-07-06 14:59:40.511971+09,2026-07-06 14:59:40.511971+09
265,1,5,2026-05-21,full,09:00:00,18:00:00,"",2026-07-06 14:59:40.511971+09,2026-07-06 14:59:40.511971+09
266,1,6,2026-05-21,full,09:00:00,18:00:00,"",2026-07-06 14:59:40.511971+09,2026-07-06 14:59:40.511971+09
267,1,7,2026-05-21,full,09:00:00,18:00:00,"",2026-07-06 14:59:40.511971+09,2026-07-06 14:59:40.511971+09
268,1,8,2026-05-21,full,09:00:00,18:00:00,"",2026-07-06 14:59:40.511971+09,2026-07-06 14:59:40.511971+09
269,1,9,2026-05-21,full,09:00:00,18:00:00,"",2026-07-06 14:59:40.511971+09,2026-07-06 14:59:40.511971+09
270,1,10,2026-05-21,full,09:00:00,18:00:00,"",2026-07-06 14:59:40.511971+09,2026-07-06 14:59:40.511971+09
271,1,11,2026-05-21,full,09:00:00,18:00:00,"",2026-07-06 14:59:40.511971+09,2026-07-06 14:59:40.511971+09
272,1,33,2026-05-21,full,09:00:00,18:00:00,予約連動出勤（静的予約補正）,2026-07-06 14:59:40.511971+09,2026-07-06 14:59:40.511971+09
273,2,16,2026-05-21,full,09:00:00,18:00:00,"",2026-07-06 14:59:40.511971+09,2026-07-06 14:59:40.511971+09
274,2,17,2026-05-21,full,09:00:00,18:00:00,"",2026-07-06 14:59:40.511971+09,2026-07-06 14:59:40.511971+09
275,2,18,2026-05-21,full,09:00:00,18:00:00,"",2026-07-06 14:59:40.511971+09,2026-07-06 14:59:40.511971+09
276,2,19,2026-05-21,full,09:00:00,18:00:00,"",2026-07-06 14:59:40.511971+09,2026-07-06 14:59:40.511971+09
277,2,20,2026-05-21,full,09:00:00,18:00:00,"",2026-07-06 14:59:40.511971+09,2026-07-06 14:59:40.511971+09
278,2,21,2026-05-21,full,09:00:00,18:00:00,"",2026-07-06 14:59:40.511971+09,2026-07-06 14:59:40.511971+09
279,2,22,2026-05-21,full,09:00:00,18:00:00,"",2026-07-06 14:59:40.511971+09,2026-07-06 14:59:40.511971+09
280,2,34,2026-05-21,full,09:00:00,18:00:00,"",2026-07-06 14:59:40.511971+09,2026-07-06 14:59:40.511971+09
281,3,26,2026-05-21,full,09:00:00,18:00:00,"",2026-07-06 14:59:40.511971+09,2026-07-06 14:59:40.511971+09
282,3,27,2026-05-21,full,09:00:00,18:00:00,"",2026-07-06 14:59:40.511971+09,2026-07-06 14:59:40.511971+09
283,3,28,2026-05-21,full,09:00:00,18:00:00,"",2026-07-06 14:59:40.511971+09,2026-07-06 14:59:40.511971+09
284,3,29,2026-05-21,full,09:00:00,18:00:00,"",2026-07-06 14:59:40.511971+09,2026-07-06 14:59:40.511971+09
285,3,30,2026-05-21,full,09:00:00,18:00:00,"",2026-07-06 14:59:40.511971+09,2026-07-06 14:59:40.511971+09
286,3,35,2026-05-21,full,09:00:00,18:00:00,"",2026-07-06 14:59:40.511971+09,2026-07-06 14:59:40.511971+09
287,1,1,2026-05-22,full,09:00:00,18:00:00,予約連動出勤（静的予約補正）,2026-07-06 14:59:40.511971+09,2026-07-06 14:59:40.511971+09
288,1,2,2026-05-22,full,09:00:00,18:00:00,予約連動出勤（静的予約補正）,2026-07-06 14:59:40.511971+09,2026-07-06 14:59:40.511971+09
289,1,3,2026-05-22,full,09:00:00,18:00:00,予約連動出勤（静的予約補正）,2026-07-06 14:59:40.511971+09,2026-07-06 14:59:40.511971+09
290,1,4,2026-05-22,full,09:00:00,18:00:00,"",2026-07-06 14:59:40.511971+09,2026-07-06 14:59:40.511971+09
291,1,5,2026-05-22,full,09:00:00,18:00:00,"",2026-07-06 14:59:40.511971+09,2026-07-06 14:59:40.511971+09
292,1,6,2026-05-22,full,09:00:00,18:00:00,"",2026-07-06 14:59:40.511971+09,2026-07-06 14:59:40.511971+09
293,1,7,2026-05-22,full,09:00:00,18:00:00,"",2026-07-06 14:59:40.511971+09,2026-07-06 14:59:40.511971+09
294,1,8,2026-05-22,full,09:00:00,18:00:00,予約連動出勤（静的予約補正）,2026-07-06 14:59:40.511971+09,2026-07-06 14:59:40.511971+09
295,1,9,2026-05-22,full,09:00:00,18:00:00,"",2026-07-06 14:59:40.511971+09,2026-07-06 14:59:40.511971+09
296,1,10,2026-05-22,full,09:00:00,18:00:00,"",2026-07-06 14:59:40.511971+09,2026-07-06 14:59:40.511971+09
297,1,11,2026-05-22,full,09:00:00,18:00:00,"",2026-07-06 14:59:40.511971+09,2026-07-06 14:59:40.511971+09
298,1,33,2026-05-22,full,09:00:00,18:00:00,"",2026-07-06 14:59:40.511971+09,2026-07-06 14:59:40.511971+09
299,2,16,2026-05-22,full,09:00:00,18:00:00,予約連動出勤（静的予約補正）,2026-07-06 14:59:40.511971+09,2026-07-06 14:59:40.511971+09
300,2,17,2026-05-22,full,09:00:00,18:00:00,"",2026-07-06 14:59:40.511971+09,2026-07-06 14:59:40.511971+09
301,2,18,2026-05-22,full,09:00:00,18:00:00,"",2026-07-06 14:59:40.511971+09,2026-07-06 14:59:40.511971+09
302,2,19,2026-05-22,full,09:00:00,18:00:00,"",2026-07-06 14:59:40.511971+09,2026-07-06 14:59:40.511971+09
303,2,20,2026-05-22,full,09:00:00,18:00:00,"",2026-07-06 14:59:40.511971+09,2026-07-06 14:59:40.511971+09
304,2,21,2026-05-22,full,09:00:00,18:00:00,"",2026-07-06 14:59:40.511971+09,2026-07-06 14:59:40.511971+09
305,2,22,2026-05-22,full,09:00:00,18:00:00,"",2026-07-06 14:59:40.511971+09,2026-07-06 14:59:40.511971+09
306,2,34,2026-05-22,full,09:00:00,18:00:00,"",2026-07-06 14:59:40.511971+09,2026-07-06 14:59:40.511971+09
307,3,26,2026-05-22,full,09:00:00,18:00:00,"",2026-07-06 14:59:40.511971+09,2026-07-06 14:59:40.511971+09
308,3,27,2026-05-22,full,09:00:00,18:00:00,"",2026-07-06 14:59:40.511971+09,2026-07-06 14:59:40.511971+09
309,3,28,2026-05-22,full,09:00:00,18:00:00,"",2026-07-06 14:59:40.511971+09,2026-07-06 14:59:40.511971+09
310,3,29,2026-05-22,full,09:00:00,18:00:00,"",2026-07-06 14:59:40.511971+09,2026-07-06 14:59:40.511971+09
311,3,30,2026-05-22,full,09:00:00,18:00:00,"",2026-07-06 14:59:40.511971+09,2026-07-06 14:59:40.511971+09
312,3,35,2026-05-22,full,09:00:00,18:00:00,"",2026-07-06 14:59:40.511971+09,2026-07-06 14:59:40.511971+09
313,1,1,2026-05-23,full,09:00:00,18:00:00,予約連動出勤（静的予約補正）,2026-07-06 14:59:40.511971+09,2026-07-06 14:59:40.511971+09
314,1,2,2026-05-23,full,09:00:00,18:00:00,予約連動出勤（静的予約補正）,2026-07-06 14:59:40.511971+09,2026-07-06 14:59:40.511971+09
315,1,3,2026-05-23,morning,09:00:00,13:00:00,"",2026-07-06 14:59:40.511971+09,2026-07-06 14:59:40.511971+09
316,1,4,2026-05-23,morning,09:00:00,13:00:00,"",2026-07-06 14:59:40.511971+09,2026-07-06 14:59:40.511971+09
317,1,5,2026-05-23,morning,09:00:00,13:00:00,"",2026-07-06 14:59:40.511971+09,2026-07-06 14:59:40.511971+09
318,1,6,2026-05-23,morning,09:00:00,13:00:00,"",2026-07-06 14:59:40.511971+09,2026-07-06 14:59:40.511971+09
319,1,7,2026-05-23,morning,09:00:00,13:00:00,"",2026-07-06 14:59:40.511971+09,2026-07-06 14:59:40.511971+09
320,1,8,2026-05-23,morning,09:00:00,13:00:00,"",2026-07-06 14:59:40.511971+09,2026-07-06 14:59:40.511971+09
321,1,9,2026-05-23,morning,09:00:00,13:00:00,"",2026-07-06 14:59:40.511971+09,2026-07-06 14:59:40.511971+09
322,1,10,2026-05-23,morning,09:00:00,13:00:00,"",2026-07-06 14:59:40.511971+09,2026-07-06 14:59:40.511971+09
323,1,11,2026-05-23,morning,09:00:00,13:00:00,"",2026-07-06 14:59:40.511971+09,2026-07-06 14:59:40.511971+09
324,1,33,2026-05-23,morning,09:00:00,13:00:00,"",2026-07-06 14:59:40.511971+09,2026-07-06 14:59:40.511971+09
325,2,16,2026-05-23,full,09:00:00,18:00:00,予約連動出勤（静的予約補正）,2026-07-06 14:59:40.511971+09,2026-07-06 14:59:40.511971+09
326,2,17,2026-05-23,morning,09:00:00,13:00:00,"",2026-07-06 14:59:40.511971+09,2026-07-06 14:59:40.511971+09
327,2,18,2026-05-23,morning,09:00:00,13:00:00,"",2026-07-06 14:59:40.511971+09,2026-07-06 14:59:40.511971+09
328,2,19,2026-05-23,morning,09:00:00,13:00:00,"",2026-07-06 14:59:40.511971+09,2026-07-06 14:59:40.511971+09
329,2,20,2026-05-23,morning,09:00:00,13:00:00,"",2026-07-06 14:59:40.511971+09,2026-07-06 14:59:40.511971+09
330,2,21,2026-05-23,morning,09:00:00,13:00:00,"",2026-07-06 14:59:40.511971+09,2026-07-06 14:59:40.511971+09
331,2,22,2026-05-23,morning,09:00:00,13:00:00,"",2026-07-06 14:59:40.511971+09,2026-07-06 14:59:40.511971+09
332,2,34,2026-05-23,morning,09:00:00,13:00:00,"",2026-07-06 14:59:40.511971+09,2026-07-06 14:59:40.511971+09
333,3,26,2026-05-23,morning,09:00:00,13:00:00,"",2026-07-06 14:59:40.511971+09,2026-07-06 14:59:40.511971+09
334,3,27,2026-05-23,morning,09:00:00,13:00:00,"",2026-07-06 14:59:40.511971+09,2026-07-06 14:59:40.511971+09
335,3,28,2026-05-23,morning,09:00:00,13:00:00,"",2026-07-06 14:59:40.511971+09,2026-07-06 14:59:40.511971+09
336,3,29,2026-05-23,morning,09:00:00,13:00:00,"",2026-07-06 14:59:40.511971+09,2026-07-06 14:59:40.511971+09
337,3,30,2026-05-23,morning,09:00:00,13:00:00,"",2026-07-06 14:59:40.511971+09,2026-07-06 14:59:40.511971+09
338,3,35,2026-05-23,morning,09:00:00,13:00:00,"",2026-07-06 14:59:40.511971+09,2026-07-06 14:59:40.511971+09
339,1,1,2026-05-24,off,,,"",2026-07-06 14:59:40.511971+09,2026-07-06 14:59:40.511971+09
340,1,2,2026-05-24,full,09:00:00,18:00:00,予約連動出勤（静的予約補正）,2026-07-06 14:59:40.511971+09,2026-07-06 14:59:40.511971+09
341,1,3,2026-05-24,off,,,"",2026-07-06 14:59:40.511971+09,2026-07-06 14:59:40.511971+09
342,1,4,2026-05-24,off,,,"",2026-07-06 14:59:40.511971+09,2026-07-06 14:59:40.511971+09
343,1,5,2026-05-24,off,,,"",2026-07-06 14:59:40.511971+09,2026-07-06 14:59:40.511971+09
344,1,6,2026-05-24,off,,,"",2026-07-06 14:59:40.511971+09,2026-07-06 14:59:40.511971+09
345,1,7,2026-05-24,off,,,"",2026-07-06 14:59:40.511971+09,2026-07-06 14:59:40.511971+09
346,1,8,2026-05-24,off,,,"",2026-07-06 14:59:40.511971+09,2026-07-06 14:59:40.511971+09
347,1,9,2026-05-24,off,,,"",2026-07-06 14:59:40.511971+09,2026-07-06 14:59:40.511971+09
348,1,10,2026-05-24,off,,,"",2026-07-06 14:59:40.511971+09,2026-07-06 14:59:40.511971+09
349,1,11,2026-05-24,off,,,"",2026-07-06 14:59:40.511971+09,2026-07-06 14:59:40.511971+09
350,1,33,2026-05-24,off,,,"",2026-07-06 14:59:40.511971+09,2026-07-06 14:59:40.511971+09
351,2,16,2026-05-24,full,09:00:00,18:00:00,予約連動出勤（静的予約補正）,2026-07-06 14:59:40.511971+09,2026-07-06 14:59:40.511971+09
352,2,17,2026-05-24,off,,,"",2026-07-06 14:59:40.511971+09,2026-07-06 14:59:40.511971+09
353,2,18,2026-05-24,off,,,"",2026-07-06 14:59:40.511971+09,2026-07-06 14:59:40.511971+09
354,2,19,2026-05-24,off,,,"",2026-07-06 14:59:40.511971+09,2026-07-06 14:59:40.511971+09
355,2,20,2026-05-24,off,,,"",2026-07-06 14:59:40.511971+09,2026-07-06 14:59:40.511971+09
356,2,21,2026-05-24,off,,,"",2026-07-06 14:59:40.511971+09,2026-07-06 14:59:40.511971+09
357,2,22,2026-05-24,off,,,"",2026-07-06 14:59:40.511971+09,2026-07-06 14:59:40.511971+09
358,2,34,2026-05-24,off,,,"",2026-07-06 14:59:40.511971+09,2026-07-06 14:59:40.511971+09
359,3,26,2026-05-24,off,,,"",2026-07-06 14:59:40.511971+09,2026-07-06 14:59:40.511971+09
360,3,27,2026-05-24,off,,,"",2026-07-06 14:59:40.511971+09,2026-07-06 14:59:40.511971+09
361,3,28,2026-05-24,off,,,"",2026-07-06 14:59:40.511971+09,2026-07-06 14:59:40.511971+09
362,3,29,2026-05-24,off,,,"",2026-07-06 14:59:40.511971+09,2026-07-06 14:59:40.511971+09
363,3,30,2026-05-24,off,,,"",2026-07-06 14:59:40.511971+09,2026-07-06 14:59:40.511971+09
364,3,35,2026-05-24,off,,,"",2026-07-06 14:59:40.511971+09,2026-07-06 14:59:40.511971+09
365,1,1,2026-05-25,full,09:00:00,18:00:00,予約連動出勤（静的予約補正）,2026-07-06 14:59:40.511971+09,2026-07-06 14:59:40.511971+09
366,1,2,2026-05-25,full,09:00:00,18:00:00,"",2026-07-06 14:59:40.511971+09,2026-07-06 14:59:40.511971+09
367,1,3,2026-05-25,full,09:00:00,18:00:00,"",2026-07-06 14:59:40.511971+09,2026-07-06 14:59:40.511971+09
368,1,4,2026-05-25,full,09:00:00,18:00:00,"",2026-07-06 14:59:40.511971+09,2026-07-06 14:59:40.511971+09
369,1,5,2026-05-25,full,09:00:00,18:00:00,"",2026-07-06 14:59:40.511971+09,2026-07-06 14:59:40.511971+09
370,1,6,2026-05-25,full,09:00:00,18:00:00,"",2026-07-06 14:59:40.511971+09,2026-07-06 14:59:40.511971+09
371,1,7,2026-05-25,full,09:00:00,18:00:00,"",2026-07-06 14:59:40.511971+09,2026-07-06 14:59:40.511971+09
372,1,8,2026-05-25,full,09:00:00,18:00:00,"",2026-07-06 14:59:40.511971+09,2026-07-06 14:59:40.511971+09
373,1,9,2026-05-25,full,09:00:00,18:00:00,"",2026-07-06 14:59:40.511971+09,2026-07-06 14:59:40.511971+09
374,1,10,2026-05-25,full,09:00:00,18:00:00,"",2026-07-06 14:59:40.511971+09,2026-07-06 14:59:40.511971+09
375,1,11,2026-05-25,full,09:00:00,18:00:00,"",2026-07-06 14:59:40.511971+09,2026-07-06 14:59:40.511971+09
376,1,33,2026-05-25,full,09:00:00,18:00:00,"",2026-07-06 14:59:40.511971+09,2026-07-06 14:59:40.511971+09
377,2,16,2026-05-25,full,09:00:00,18:00:00,"",2026-07-06 14:59:40.511971+09,2026-07-06 14:59:40.511971+09
378,2,17,2026-05-25,full,09:00:00,18:00:00,"",2026-07-06 14:59:40.511971+09,2026-07-06 14:59:40.511971+09
379,2,18,2026-05-25,full,09:00:00,18:00:00,"",2026-07-06 14:59:40.511971+09,2026-07-06 14:59:40.511971+09
380,2,19,2026-05-25,full,09:00:00,18:00:00,"",2026-07-06 14:59:40.511971+09,2026-07-06 14:59:40.511971+09
381,2,20,2026-05-25,full,09:00:00,18:00:00,"",2026-07-06 14:59:40.511971+09,2026-07-06 14:59:40.511971+09
382,2,21,2026-05-25,full,09:00:00,18:00:00,"",2026-07-06 14:59:40.511971+09,2026-07-06 14:59:40.511971+09
383,2,22,2026-05-25,full,09:00:00,18:00:00,"",2026-07-06 14:59:40.511971+09,2026-07-06 14:59:40.511971+09
384,2,34,2026-05-25,full,09:00:00,18:00:00,"",2026-07-06 14:59:40.511971+09,2026-07-06 14:59:40.511971+09
385,3,26,2026-05-25,full,09:00:00,18:00:00,"",2026-07-06 14:59:40.511971+09,2026-07-06 14:59:40.511971+09
386,3,27,2026-05-25,full,09:00:00,18:00:00,"",2026-07-06 14:59:40.511971+09,2026-07-06 14:59:40.511971+09
387,3,28,2026-05-25,full,09:00:00,18:00:00,"",2026-07-06 14:59:40.511971+09,2026-07-06 14:59:40.511971+09
388,3,29,2026-05-25,full,09:00:00,18:00:00,"",2026-07-06 14:59:40.511971+09,2026-07-06 14:59:40.511971+09
389,3,30,2026-05-25,full,09:00:00,18:00:00,"",2026-07-06 14:59:40.511971+09,2026-07-06 14:59:40.511971+09
390,3,35,2026-05-25,full,09:00:00,18:00:00,"",2026-07-06 14:59:40.511971+09,2026-07-06 14:59:40.511971+09
391,1,1,2026-05-26,full,09:00:00,18:00:00,"",2026-07-06 14:59:40.511971+09,2026-07-06 14:59:40.511971+09
392,1,2,2026-05-26,full,09:00:00,18:00:00,予約連動出勤（静的予約補正）,2026-07-06 14:59:40.511971+09,2026-07-06 14:59:40.511971+09
393,1,3,2026-05-26,full,09:00:00,18:00:00,"",2026-07-06 14:59:40.511971+09,2026-07-06 14:59:40.511971+09
394,1,4,2026-05-26,full,09:00:00,18:00:00,"",2026-07-06 14:59:40.511971+09,2026-07-06 14:59:40.511971+09
395,1,5,2026-05-26,full,09:00:00,18:00:00,"",2026-07-06 14:59:40.511971+09,2026-07-06 14:59:40.511971+09
396,1,6,2026-05-26,full,09:00:00,18:00:00,"",2026-07-06 14:59:40.511971+09,2026-07-06 14:59:40.511971+09
397,1,7,2026-05-26,full,09:00:00,18:00:00,"",2026-07-06 14:59:40.511971+09,2026-07-06 14:59:40.511971+09
398,1,8,2026-05-26,full,09:00:00,18:00:00,"",2026-07-06 14:59:40.511971+09,2026-07-06 14:59:40.511971+09
399,1,9,2026-05-26,full,09:00:00,18:00:00,"",2026-07-06 14:59:40.511971+09,2026-07-06 14:59:40.511971+09
400,1,10,2026-05-26,full,09:00:00,18:00:00,"",2026-07-06 14:59:40.511971+09,2026-07-06 14:59:40.511971+09
401,1,11,2026-05-26,full,09:00:00,18:00:00,"",2026-07-06 14:59:40.511971+09,2026-07-06 14:59:40.511971+09
402,1,33,2026-05-26,full,09:00:00,18:00:00,"",2026-07-06 14:59:40.511971+09,2026-07-06 14:59:40.511971+09
403,2,16,2026-05-26,full,09:00:00,18:00:00,"",2026-07-06 14:59:40.511971+09,2026-07-06 14:59:40.511971+09
404,2,17,2026-05-26,full,09:00:00,18:00:00,"",2026-07-06 14:59:40.511971+09,2026-07-06 14:59:40.511971+09
405,2,18,2026-05-26,full,09:00:00,18:00:00,"",2026-07-06 14:59:40.511971+09,2026-07-06 14:59:40.511971+09
406,2,19,2026-05-26,full,09:00:00,18:00:00,"",2026-07-06 14:59:40.511971+09,2026-07-06 14:59:40.511971+09
407,2,20,2026-05-26,full,09:00:00,18:00:00,"",2026-07-06 14:59:40.511971+09,2026-07-06 14:59:40.511971+09
408,2,21,2026-05-26,full,09:00:00,18:00:00,"",2026-07-06 14:59:40.511971+09,2026-07-06 14:59:40.511971+09
409,2,22,2026-05-26,full,09:00:00,18:00:00,"",2026-07-06 14:59:40.511971+09,2026-07-06 14:59:40.511971+09
410,2,34,2026-05-26,full,09:00:00,18:00:00,"",2026-07-06 14:59:40.511971+09,2026-07-06 14:59:40.511971+09
411,3,26,2026-05-26,full,09:00:00,18:00:00,"",2026-07-06 14:59:40.511971+09,2026-07-06 14:59:40.511971+09
412,3,27,2026-05-26,full,09:00:00,18:00:00,"",2026-07-06 14:59:40.511971+09,2026-07-06 14:59:40.511971+09
413,3,28,2026-05-26,full,09:00:00,18:00:00,"",2026-07-06 14:59:40.511971+09,2026-07-06 14:59:40.511971+09
414,3,29,2026-05-26,full,09:00:00,18:00:00,"",2026-07-06 14:59:40.511971+09,2026-07-06 14:59:40.511971+09
415,3,30,2026-05-26,full,09:00:00,18:00:00,"",2026-07-06 14:59:40.511971+09,2026-07-06 14:59:40.511971+09
416,3,35,2026-05-26,full,09:00:00,18:00:00,"",2026-07-06 14:59:40.511971+09,2026-07-06 14:59:40.511971+09
417,1,1,2026-05-27,full,09:00:00,18:00:00,"",2026-07-06 14:59:40.511971+09,2026-07-06 14:59:40.511971+09
418,1,2,2026-05-27,full,09:00:00,18:00:00,"",2026-07-06 14:59:40.511971+09,2026-07-06 14:59:40.511971+09
419,1,3,2026-05-27,full,09:00:00,18:00:00,"",2026-07-06 14:59:40.511971+09,2026-07-06 14:59:40.511971+09
420,1,4,2026-05-27,full,09:00:00,18:00:00,"",2026-07-06 14:59:40.511971+09,2026-07-06 14:59:40.511971+09
421,1,5,2026-05-27,full,09:00:00,18:00:00,"",2026-07-06 14:59:40.511971+09,2026-07-06 14:59:40.511971+09
422,1,6,2026-05-27,full,09:00:00,18:00:00,"",2026-07-06 14:59:40.511971+09,2026-07-06 14:59:40.511971+09
423,1,7,2026-05-27,full,09:00:00,18:00:00,"",2026-07-06 14:59:40.511971+09,2026-07-06 14:59:40.511971+09
424,1,8,2026-05-27,full,09:00:00,18:00:00,"",2026-07-06 14:59:40.511971+09,2026-07-06 14:59:40.511971+09
425,1,9,2026-05-27,full,09:00:00,18:00:00,"",2026-07-06 14:59:40.511971+09,2026-07-06 14:59:40.511971+09
426,1,10,2026-05-27,full,09:00:00,18:00:00,"",2026-07-06 14:59:40.511971+09,2026-07-06 14:59:40.511971+09
427,1,11,2026-05-27,full,09:00:00,18:00:00,"",2026-07-06 14:59:40.511971+09,2026-07-06 14:59:40.511971+09
428,1,33,2026-05-27,full,09:00:00,18:00:00,"",2026-07-06 14:59:40.511971+09,2026-07-06 14:59:40.511971+09
429,2,16,2026-05-27,full,09:00:00,18:00:00,"",2026-07-06 14:59:40.511971+09,2026-07-06 14:59:40.511971+09
430,2,17,2026-05-27,full,09:00:00,18:00:00,"",2026-07-06 14:59:40.511971+09,2026-07-06 14:59:40.511971+09
431,2,18,2026-05-27,full,09:00:00,18:00:00,"",2026-07-06 14:59:40.511971+09,2026-07-06 14:59:40.511971+09
432,2,19,2026-05-27,full,09:00:00,18:00:00,"",2026-07-06 14:59:40.511971+09,2026-07-06 14:59:40.511971+09
433,2,20,2026-05-27,full,09:00:00,18:00:00,"",2026-07-06 14:59:40.511971+09,2026-07-06 14:59:40.511971+09
434,2,21,2026-05-27,full,09:00:00,18:00:00,"",2026-07-06 14:59:40.511971+09,2026-07-06 14:59:40.511971+09
435,2,22,2026-05-27,full,09:00:00,18:00:00,"",2026-07-06 14:59:40.511971+09,2026-07-06 14:59:40.511971+09
436,2,34,2026-05-27,full,09:00:00,18:00:00,"",2026-07-06 14:59:40.511971+09,2026-07-06 14:59:40.511971+09
437,3,26,2026-05-27,full,09:00:00,18:00:00,"",2026-07-06 14:59:40.511971+09,2026-07-06 14:59:40.511971+09
438,3,27,2026-05-27,full,09:00:00,18:00:00,"",2026-07-06 14:59:40.511971+09,2026-07-06 14:59:40.511971+09
439,3,28,2026-05-27,full,09:00:00,18:00:00,"",2026-07-06 14:59:40.511971+09,2026-07-06 14:59:40.511971+09
440,3,29,2026-05-27,full,09:00:00,18:00:00,"",2026-07-06 14:59:40.511971+09,2026-07-06 14:59:40.511971+09
441,3,30,2026-05-27,full,09:00:00,18:00:00,"",2026-07-06 14:59:40.511971+09,2026-07-06 14:59:40.511971+09
442,3,35,2026-05-27,full,09:00:00,18:00:00,"",2026-07-06 14:59:40.511971+09,2026-07-06 14:59:40.511971+09
443,1,1,2026-05-28,full,09:00:00,18:00:00,"",2026-07-06 14:59:40.511971+09,2026-07-06 14:59:40.511971+09
444,1,2,2026-05-28,full,09:00:00,18:00:00,"",2026-07-06 14:59:40.511971+09,2026-07-06 14:59:40.511971+09
445,1,3,2026-05-28,full,09:00:00,18:00:00,"",2026-07-06 14:59:40.511971+09,2026-07-06 14:59:40.511971+09
446,1,4,2026-05-28,full,09:00:00,18:00:00,"",2026-07-06 14:59:40.511971+09,2026-07-06 14:59:40.511971+09
447,1,5,2026-05-28,full,09:00:00,18:00:00,"",2026-07-06 14:59:40.511971+09,2026-07-06 14:59:40.511971+09
448,1,6,2026-05-28,full,09:00:00,18:00:00,"",2026-07-06 14:59:40.511971+09,2026-07-06 14:59:40.511971+09
449,1,7,2026-05-28,full,09:00:00,18:00:00,"",2026-07-06 14:59:40.511971+09,2026-07-06 14:59:40.511971+09
450,1,8,2026-05-28,full,09:00:00,18:00:00,"",2026-07-06 14:59:40.511971+09,2026-07-06 14:59:40.511971+09
451,1,9,2026-05-28,full,09:00:00,18:00:00,"",2026-07-06 14:59:40.511971+09,2026-07-06 14:59:40.511971+09
452,1,10,2026-05-28,full,09:00:00,18:00:00,"",2026-07-06 14:59:40.511971+09,2026-07-06 14:59:40.511971+09
453,1,11,2026-05-28,full,09:00:00,18:00:00,"",2026-07-06 14:59:40.511971+09,2026-07-06 14:59:40.511971+09
454,1,33,2026-05-28,full,09:00:00,18:00:00,"",2026-07-06 14:59:40.511971+09,2026-07-06 14:59:40.511971+09
455,2,16,2026-05-28,full,09:00:00,18:00:00,"",2026-07-06 14:59:40.511971+09,2026-07-06 14:59:40.511971+09
456,2,17,2026-05-28,full,09:00:00,18:00:00,"",2026-07-06 14:59:40.511971+09,2026-07-06 14:59:40.511971+09
457,2,18,2026-05-28,full,09:00:00,18:00:00,"",2026-07-06 14:59:40.511971+09,2026-07-06 14:59:40.511971+09
458,2,19,2026-05-28,full,09:00:00,18:00:00,"",2026-07-06 14:59:40.511971+09,2026-07-06 14:59:40.511971+09
459,2,20,2026-05-28,full,09:00:00,18:00:00,"",2026-07-06 14:59:40.511971+09,2026-07-06 14:59:40.511971+09
460,2,21,2026-05-28,full,09:00:00,18:00:00,"",2026-07-06 14:59:40.511971+09,2026-07-06 14:59:40.511971+09
461,2,22,2026-05-28,full,09:00:00,18:00:00,"",2026-07-06 14:59:40.511971+09,2026-07-06 14:59:40.511971+09
462,2,34,2026-05-28,full,09:00:00,18:00:00,"",2026-07-06 14:59:40.511971+09,2026-07-06 14:59:40.511971+09
463,3,26,2026-05-28,full,09:00:00,18:00:00,"",2026-07-06 14:59:40.511971+09,2026-07-06 14:59:40.511971+09
464,3,27,2026-05-28,full,09:00:00,18:00:00,"",2026-07-06 14:59:40.511971+09,2026-07-06 14:59:40.511971+09
465,3,28,2026-05-28,full,09:00:00,18:00:00,"",2026-07-06 14:59:40.511971+09,2026-07-06 14:59:40.511971+09
466,3,29,2026-05-28,full,09:00:00,18:00:00,"",2026-07-06 14:59:40.511971+09,2026-07-06 14:59:40.511971+09
467,3,30,2026-05-28,full,09:00:00,18:00:00,"",2026-07-06 14:59:40.511971+09,2026-07-06 14:59:40.511971+09
468,3,35,2026-05-28,full,09:00:00,18:00:00,"",2026-07-06 14:59:40.511971+09,2026-07-06 14:59:40.511971+09
469,1,1,2026-05-29,full,09:00:00,18:00:00,"",2026-07-06 14:59:40.511971+09,2026-07-06 14:59:40.511971+09
470,1,2,2026-05-29,full,09:00:00,18:00:00,"",2026-07-06 14:59:40.511971+09,2026-07-06 14:59:40.511971+09
471,1,3,2026-05-29,full,09:00:00,18:00:00,"",2026-07-06 14:59:40.511971+09,2026-07-06 14:59:40.511971+09
472,1,4,2026-05-29,full,09:00:00,18:00:00,"",2026-07-06 14:59:40.511971+09,2026-07-06 14:59:40.511971+09
473,1,5,2026-05-29,full,09:00:00,18:00:00,"",2026-07-06 14:59:40.511971+09,2026-07-06 14:59:40.511971+09
474,1,6,2026-05-29,full,09:00:00,18:00:00,"",2026-07-06 14:59:40.511971+09,2026-07-06 14:59:40.511971+09
475,1,7,2026-05-29,full,09:00:00,18:00:00,"",2026-07-06 14:59:40.511971+09,2026-07-06 14:59:40.511971+09
476,1,8,2026-05-29,full,09:00:00,18:00:00,"",2026-07-06 14:59:40.511971+09,2026-07-06 14:59:40.511971+09
477,1,9,2026-05-29,full,09:00:00,18:00:00,"",2026-07-06 14:59:40.511971+09,2026-07-06 14:59:40.511971+09
478,1,10,2026-05-29,full,09:00:00,18:00:00,"",2026-07-06 14:59:40.511971+09,2026-07-06 14:59:40.511971+09
479,1,11,2026-05-29,full,09:00:00,18:00:00,"",2026-07-06 14:59:40.511971+09,2026-07-06 14:59:40.511971+09
480,1,33,2026-05-29,full,09:00:00,18:00:00,"",2026-07-06 14:59:40.511971+09,2026-07-06 14:59:40.511971+09
481,2,16,2026-05-29,full,09:00:00,18:00:00,"",2026-07-06 14:59:40.511971+09,2026-07-06 14:59:40.511971+09
482,2,17,2026-05-29,full,09:00:00,18:00:00,"",2026-07-06 14:59:40.511971+09,2026-07-06 14:59:40.511971+09
483,2,18,2026-05-29,full,09:00:00,18:00:00,"",2026-07-06 14:59:40.511971+09,2026-07-06 14:59:40.511971+09
484,2,19,2026-05-29,full,09:00:00,18:00:00,"",2026-07-06 14:59:40.511971+09,2026-07-06 14:59:40.511971+09
485,2,20,2026-05-29,full,09:00:00,18:00:00,"",2026-07-06 14:59:40.511971+09,2026-07-06 14:59:40.511971+09
486,2,21,2026-05-29,full,09:00:00,18:00:00,"",2026-07-06 14:59:40.511971+09,2026-07-06 14:59:40.511971+09
487,2,22,2026-05-29,full,09:00:00,18:00:00,"",2026-07-06 14:59:40.511971+09,2026-07-06 14:59:40.511971+09
488,2,34,2026-05-29,full,09:00:00,18:00:00,"",2026-07-06 14:59:40.511971+09,2026-07-06 14:59:40.511971+09
489,3,26,2026-05-29,full,09:00:00,18:00:00,"",2026-07-06 14:59:40.511971+09,2026-07-06 14:59:40.511971+09
490,3,27,2026-05-29,full,09:00:00,18:00:00,"",2026-07-06 14:59:40.511971+09,2026-07-06 14:59:40.511971+09
491,3,28,2026-05-29,full,09:00:00,18:00:00,"",2026-07-06 14:59:40.511971+09,2026-07-06 14:59:40.511971+09
492,3,29,2026-05-29,full,09:00:00,18:00:00,"",2026-07-06 14:59:40.511971+09,2026-07-06 14:59:40.511971+09
493,3,30,2026-05-29,full,09:00:00,18:00:00,"",2026-07-06 14:59:40.511971+09,2026-07-06 14:59:40.511971+09
494,3,35,2026-05-29,full,09:00:00,18:00:00,"",2026-07-06 14:59:40.511971+09,2026-07-06 14:59:40.511971+09
495,1,1,2026-05-30,full,09:00:00,18:00:00,予約連動出勤（静的予約補正）,2026-07-06 14:59:40.511971+09,2026-07-06 14:59:40.511971+09
496,1,2,2026-05-30,full,09:00:00,18:00:00,予約連動出勤（静的予約補正）,2026-07-06 14:59:40.511971+09,2026-07-06 14:59:40.511971+09
497,1,3,2026-05-30,full,09:00:00,18:00:00,予約連動出勤（静的予約補正）,2026-07-06 14:59:40.511971+09,2026-07-06 14:59:40.511971+09
498,1,4,2026-05-30,full,09:00:00,18:00:00,予約連動出勤（静的予約補正）,2026-07-06 14:59:40.511971+09,2026-07-06 14:59:40.511971+09
499,1,5,2026-05-30,morning,09:00:00,13:00:00,"",2026-07-06 14:59:40.511971+09,2026-07-06 14:59:40.511971+09
500,1,6,2026-05-30,morning,09:00:00,13:00:00,"",2026-07-06 14:59:40.511971+09,2026-07-06 14:59:40.511971+09
501,1,7,2026-05-30,morning,09:00:00,13:00:00,"",2026-07-06 14:59:40.511971+09,2026-07-06 14:59:40.511971+09
502,1,8,2026-05-30,morning,09:00:00,13:00:00,"",2026-07-06 14:59:40.511971+09,2026-07-06 14:59:40.511971+09
503,1,9,2026-05-30,morning,09:00:00,13:00:00,"",2026-07-06 14:59:40.511971+09,2026-07-06 14:59:40.511971+09
504,1,10,2026-05-30,morning,09:00:00,13:00:00,"",2026-07-06 14:59:40.511971+09,2026-07-06 14:59:40.511971+09
505,1,11,2026-05-30,morning,09:00:00,13:00:00,"",2026-07-06 14:59:40.511971+09,2026-07-06 14:59:40.511971+09
506,1,33,2026-05-30,morning,09:00:00,13:00:00,"",2026-07-06 14:59:40.511971+09,2026-07-06 14:59:40.511971+09
507,2,16,2026-05-30,morning,09:00:00,13:00:00,"",2026-07-06 14:59:40.511971+09,2026-07-06 14:59:40.511971+09
508,2,17,2026-05-30,morning,09:00:00,13:00:00,"",2026-07-06 14:59:40.511971+09,2026-07-06 14:59:40.511971+09
509,2,18,2026-05-30,morning,09:00:00,13:00:00,"",2026-07-06 14:59:40.511971+09,2026-07-06 14:59:40.511971+09
510,2,19,2026-05-30,morning,09:00:00,13:00:00,"",2026-07-06 14:59:40.511971+09,2026-07-06 14:59:40.511971+09
511,2,20,2026-05-30,morning,09:00:00,13:00:00,"",2026-07-06 14:59:40.511971+09,2026-07-06 14:59:40.511971+09
512,2,21,2026-05-30,morning,09:00:00,13:00:00,"",2026-07-06 14:59:40.511971+09,2026-07-06 14:59:40.511971+09
513,2,22,2026-05-30,morning,09:00:00,13:00:00,"",2026-07-06 14:59:40.511971+09,2026-07-06 14:59:40.511971+09
514,2,34,2026-05-30,morning,09:00:00,13:00:00,"",2026-07-06 14:59:40.511971+09,2026-07-06 14:59:40.511971+09
515,3,26,2026-05-30,morning,09:00:00,13:00:00,"",2026-07-06 14:59:40.511971+09,2026-07-06 14:59:40.511971+09
516,3,27,2026-05-30,morning,09:00:00,13:00:00,"",2026-07-06 14:59:40.511971+09,2026-07-06 14:59:40.511971+09
517,3,28,2026-05-30,morning,09:00:00,13:00:00,"",2026-07-06 14:59:40.511971+09,2026-07-06 14:59:40.511971+09
518,3,29,2026-05-30,morning,09:00:00,13:00:00,"",2026-07-06 14:59:40.511971+09,2026-07-06 14:59:40.511971+09
519,3,30,2026-05-30,morning,09:00:00,13:00:00,"",2026-07-06 14:59:40.511971+09,2026-07-06 14:59:40.511971+09
520,3,35,2026-05-30,morning,09:00:00,13:00:00,"",2026-07-06 14:59:40.511971+09,2026-07-06 14:59:40.511971+09
521,1,1,2026-05-31,full,09:00:00,18:00:00,予約連動出勤（静的予約補正）,2026-07-06 14:59:40.511971+09,2026-07-06 14:59:40.511971+09
522,1,2,2026-05-31,full,09:00:00,18:00:00,予約連動出勤（静的予約補正）,2026-07-06 14:59:40.511971+09,2026-07-06 14:59:40.511971+09
523,1,3,2026-05-31,full,09:00:00,18:00:00,予約連動出勤（静的予約補正）,2026-07-06 14:59:40.511971+09,2026-07-06 14:59:40.511971+09
524,1,4,2026-05-31,full,09:00:00,18:00:00,予約連動出勤（静的予約補正）,2026-07-06 14:59:40.511971+09,2026-07-06 14:59:40.511971+09
525,1,5,2026-05-31,off,,,"",2026-07-06 14:59:40.511971+09,2026-07-06 14:59:40.511971+09
526,1,6,2026-05-31,off,,,"",2026-07-06 14:59:40.511971+09,2026-07-06 14:59:40.511971+09
527,1,7,2026-05-31,off,,,"",2026-07-06 14:59:40.511971+09,2026-07-06 14:59:40.511971+09
528,1,8,2026-05-31,off,,,"",2026-07-06 14:59:40.511971+09,2026-07-06 14:59:40.511971+09
529,1,9,2026-05-31,off,,,"",2026-07-06 14:59:40.511971+09,2026-07-06 14:59:40.511971+09
530,1,10,2026-05-31,off,,,"",2026-07-06 14:59:40.511971+09,2026-07-06 14:59:40.511971+09
531,1,11,2026-05-31,off,,,"",2026-07-06 14:59:40.511971+09,2026-07-06 14:59:40.511971+09
532,1,33,2026-05-31,off,,,"",2026-07-06 14:59:40.511971+09,2026-07-06 14:59:40.511971+09
533,2,16,2026-05-31,off,,,"",2026-07-06 14:59:40.511971+09,2026-07-06 14:59:40.511971+09
534,2,17,2026-05-31,off,,,"",2026-07-06 14:59:40.511971+09,2026-07-06 14:59:40.511971+09
535,2,18,2026-05-31,off,,,"",2026-07-06 14:59:40.511971+09,2026-07-06 14:59:40.511971+09
536,2,19,2026-05-31,off,,,"",2026-07-06 14:59:40.511971+09,2026-07-06 14:59:40.511971+09
537,2,20,2026-05-31,off,,,"",2026-07-06 14:59:40.511971+09,2026-07-06 14:59:40.511971+09
538,2,21,2026-05-31,off,,,"",2026-07-06 14:59:40.511971+09,2026-07-06 14:59:40.511971+09
539,2,22,2026-05-31,off,,,"",2026-07-06 14:59:40.511971+09,2026-07-06 14:59:40.511971+09
540,2,34,2026-05-31,off,,,"",2026-07-06 14:59:40.511971+09,2026-07-06 14:59:40.511971+09
541,3,26,2026-05-31,off,,,"",2026-07-06 14:59:40.511971+09,2026-07-06 14:59:40.511971+09
542,3,27,2026-05-31,off,,,"",2026-07-06 14:59:40.511971+09,2026-07-06 14:59:40.511971+09
543,3,28,2026-05-31,off,,,"",2026-07-06 14:59:40.511971+09,2026-07-06 14:59:40.511971+09
544,3,29,2026-05-31,off,,,"",2026-07-06 14:59:40.511971+09,2026-07-06 14:59:40.511971+09
545,3,30,2026-05-31,off,,,"",2026-07-06 14:59:40.511971+09,2026-07-06 14:59:40.511971+09
546,3,35,2026-05-31,off,,,"",2026-07-06 14:59:40.511971+09,2026-07-06 14:59:40.511971+09
547,1,1,2026-06-01,full,09:00:00,18:00:00,予約連動出勤（静的予約補正）,2026-07-06 14:59:40.511971+09,2026-07-06 14:59:40.511971+09
548,1,2,2026-06-01,full,09:00:00,18:00:00,予約連動出勤（静的予約補正）,2026-07-06 14:59:40.511971+09,2026-07-06 14:59:40.511971+09
549,1,3,2026-06-01,full,09:00:00,18:00:00,予約連動出勤（静的予約補正）,2026-07-06 14:59:40.511971+09,2026-07-06 14:59:40.511971+09
550,1,4,2026-06-01,full,09:00:00,18:00:00,予約連動出勤（静的予約補正）,2026-07-06 14:59:40.511971+09,2026-07-06 14:59:40.511971+09
551,1,5,2026-06-01,full,09:00:00,18:00:00,"",2026-07-06 14:59:40.511971+09,2026-07-06 14:59:40.511971+09
552,1,6,2026-06-01,full,09:00:00,18:00:00,"",2026-07-06 14:59:40.511971+09,2026-07-06 14:59:40.511971+09
553,1,7,2026-06-01,full,09:00:00,18:00:00,"",2026-07-06 14:59:40.511971+09,2026-07-06 14:59:40.511971+09
554,1,8,2026-06-01,full,09:00:00,18:00:00,"",2026-07-06 14:59:40.511971+09,2026-07-06 14:59:40.511971+09
555,1,9,2026-06-01,full,09:00:00,18:00:00,"",2026-07-06 14:59:40.511971+09,2026-07-06 14:59:40.511971+09
556,1,10,2026-06-01,full,09:00:00,18:00:00,"",2026-07-06 14:59:40.511971+09,2026-07-06 14:59:40.511971+09
557,1,11,2026-06-01,full,09:00:00,18:00:00,"",2026-07-06 14:59:40.511971+09,2026-07-06 14:59:40.511971+09
558,1,33,2026-06-01,full,09:00:00,18:00:00,"",2026-07-06 14:59:40.511971+09,2026-07-06 14:59:40.511971+09
559,2,16,2026-06-01,full,09:00:00,18:00:00,"",2026-07-06 14:59:40.511971+09,2026-07-06 14:59:40.511971+09
560,2,17,2026-06-01,full,09:00:00,18:00:00,"",2026-07-06 14:59:40.511971+09,2026-07-06 14:59:40.511971+09
561,2,18,2026-06-01,full,09:00:00,18:00:00,"",2026-07-06 14:59:40.511971+09,2026-07-06 14:59:40.511971+09
562,2,19,2026-06-01,full,09:00:00,18:00:00,"",2026-07-06 14:59:40.511971+09,2026-07-06 14:59:40.511971+09
563,2,20,2026-06-01,full,09:00:00,18:00:00,"",2026-07-06 14:59:40.511971+09,2026-07-06 14:59:40.511971+09
564,2,21,2026-06-01,full,09:00:00,18:00:00,"",2026-07-06 14:59:40.511971+09,2026-07-06 14:59:40.511971+09
565,2,22,2026-06-01,full,09:00:00,18:00:00,"",2026-07-06 14:59:40.511971+09,2026-07-06 14:59:40.511971+09
566,2,34,2026-06-01,full,09:00:00,18:00:00,"",2026-07-06 14:59:40.511971+09,2026-07-06 14:59:40.511971+09
567,3,26,2026-06-01,full,09:00:00,18:00:00,"",2026-07-06 14:59:40.511971+09,2026-07-06 14:59:40.511971+09
568,3,27,2026-06-01,full,09:00:00,18:00:00,"",2026-07-06 14:59:40.511971+09,2026-07-06 14:59:40.511971+09
569,3,28,2026-06-01,full,09:00:00,18:00:00,"",2026-07-06 14:59:40.511971+09,2026-07-06 14:59:40.511971+09
570,3,29,2026-06-01,full,09:00:00,18:00:00,"",2026-07-06 14:59:40.511971+09,2026-07-06 14:59:40.511971+09
571,3,30,2026-06-01,full,09:00:00,18:00:00,"",2026-07-06 14:59:40.511971+09,2026-07-06 14:59:40.511971+09
572,3,35,2026-06-01,full,09:00:00,18:00:00,"",2026-07-06 14:59:40.511971+09,2026-07-06 14:59:40.511971+09
573,1,1,2026-06-02,full,09:00:00,18:00:00,予約連動出勤（静的予約補正）,2026-07-06 14:59:40.511971+09,2026-07-06 14:59:40.511971+09
574,1,2,2026-06-02,full,09:00:00,18:00:00,予約連動出勤（静的予約補正）,2026-07-06 14:59:40.511971+09,2026-07-06 14:59:40.511971+09
575,1,3,2026-06-02,full,09:00:00,18:00:00,予約連動出勤（静的予約補正）,2026-07-06 14:59:40.511971+09,2026-07-06 14:59:40.511971+09
576,1,4,2026-06-02,full,09:00:00,18:00:00,予約連動出勤（静的予約補正）,2026-07-06 14:59:40.511971+09,2026-07-06 14:59:40.511971+09
577,1,5,2026-06-02,full,09:00:00,18:00:00,"",2026-07-06 14:59:40.511971+09,2026-07-06 14:59:40.511971+09
578,1,6,2026-06-02,full,09:00:00,18:00:00,"",2026-07-06 14:59:40.511971+09,2026-07-06 14:59:40.511971+09
579,1,7,2026-06-02,full,09:00:00,18:00:00,"",2026-07-06 14:59:40.511971+09,2026-07-06 14:59:40.511971+09
580,1,8,2026-06-02,full,09:00:00,18:00:00,"",2026-07-06 14:59:40.511971+09,2026-07-06 14:59:40.511971+09
581,1,9,2026-06-02,full,09:00:00,18:00:00,"",2026-07-06 14:59:40.511971+09,2026-07-06 14:59:40.511971+09
582,1,10,2026-06-02,full,09:00:00,18:00:00,"",2026-07-06 14:59:40.511971+09,2026-07-06 14:59:40.511971+09
583,1,11,2026-06-02,full,09:00:00,18:00:00,"",2026-07-06 14:59:40.511971+09,2026-07-06 14:59:40.511971+09
584,1,33,2026-06-02,full,09:00:00,18:00:00,"",2026-07-06 14:59:40.511971+09,2026-07-06 14:59:40.511971+09
585,2,16,2026-06-02,full,09:00:00,18:00:00,"",2026-07-06 14:59:40.511971+09,2026-07-06 14:59:40.511971+09
586,2,17,2026-06-02,full,09:00:00,18:00:00,"",2026-07-06 14:59:40.511971+09,2026-07-06 14:59:40.511971+09
587,2,18,2026-06-02,full,09:00:00,18:00:00,"",2026-07-06 14:59:40.511971+09,2026-07-06 14:59:40.511971+09
588,2,19,2026-06-02,full,09:00:00,18:00:00,"",2026-07-06 14:59:40.511971+09,2026-07-06 14:59:40.511971+09
589,2,20,2026-06-02,full,09:00:00,18:00:00,"",2026-07-06 14:59:40.511971+09,2026-07-06 14:59:40.511971+09
590,2,21,2026-06-02,full,09:00:00,18:00:00,"",2026-07-06 14:59:40.511971+09,2026-07-06 14:59:40.511971+09
591,2,22,2026-06-02,full,09:00:00,18:00:00,"",2026-07-06 14:59:40.511971+09,2026-07-06 14:59:40.511971+09
592,2,34,2026-06-02,full,09:00:00,18:00:00,"",2026-07-06 14:59:40.511971+09,2026-07-06 14:59:40.511971+09
593,3,26,2026-06-02,full,09:00:00,18:00:00,"",2026-07-06 14:59:40.511971+09,2026-07-06 14:59:40.511971+09
594,3,27,2026-06-02,full,09:00:00,18:00:00,"",2026-07-06 14:59:40.511971+09,2026-07-06 14:59:40.511971+09
595,3,28,2026-06-02,full,09:00:00,18:00:00,"",2026-07-06 14:59:40.511971+09,2026-07-06 14:59:40.511971+09
596,3,29,2026-06-02,full,09:00:00,18:00:00,"",2026-07-06 14:59:40.511971+09,2026-07-06 14:59:40.511971+09
597,3,30,2026-06-02,full,09:00:00,18:00:00,"",2026-07-06 14:59:40.511971+09,2026-07-06 14:59:40.511971+09
598,3,35,2026-06-02,full,09:00:00,18:00:00,"",2026-07-06 14:59:40.511971+09,2026-07-06 14:59:40.511971+09
599,1,1,2026-06-03,full,09:00:00,18:00:00,予約連動出勤（静的予約補正）,2026-07-06 14:59:40.511971+09,2026-07-06 14:59:40.511971+09
600,1,2,2026-06-03,full,09:00:00,18:00:00,予約連動出勤（静的予約補正）,2026-07-06 14:59:40.511971+09,2026-07-06 14:59:40.511971+09
601,1,3,2026-06-03,full,09:00:00,18:00:00,予約連動出勤（静的予約補正）,2026-07-06 14:59:40.511971+09,2026-07-06 14:59:40.511971+09
602,1,4,2026-06-03,full,09:00:00,18:00:00,予約連動出勤（静的予約補正）,2026-07-06 14:59:40.511971+09,2026-07-06 14:59:40.511971+09
603,1,5,2026-06-03,full,09:00:00,18:00:00,"",2026-07-06 14:59:40.511971+09,2026-07-06 14:59:40.511971+09
604,1,6,2026-06-03,full,09:00:00,18:00:00,"",2026-07-06 14:59:40.511971+09,2026-07-06 14:59:40.511971+09
605,1,7,2026-06-03,full,09:00:00,18:00:00,"",2026-07-06 14:59:40.511971+09,2026-07-06 14:59:40.511971+09
606,1,8,2026-06-03,full,09:00:00,18:00:00,"",2026-07-06 14:59:40.511971+09,2026-07-06 14:59:40.511971+09
607,1,9,2026-06-03,full,09:00:00,18:00:00,"",2026-07-06 14:59:40.511971+09,2026-07-06 14:59:40.511971+09
608,1,10,2026-06-03,full,09:00:00,18:00:00,"",2026-07-06 14:59:40.511971+09,2026-07-06 14:59:40.511971+09
609,1,11,2026-06-03,full,09:00:00,18:00:00,"",2026-07-06 14:59:40.511971+09,2026-07-06 14:59:40.511971+09
610,1,33,2026-06-03,full,09:00:00,18:00:00,"",2026-07-06 14:59:40.511971+09,2026-07-06 14:59:40.511971+09
611,2,16,2026-06-03,full,09:00:00,18:00:00,"",2026-07-06 14:59:40.511971+09,2026-07-06 14:59:40.511971+09
612,2,17,2026-06-03,full,09:00:00,18:00:00,"",2026-07-06 14:59:40.511971+09,2026-07-06 14:59:40.511971+09
613,2,18,2026-06-03,full,09:00:00,18:00:00,"",2026-07-06 14:59:40.511971+09,2026-07-06 14:59:40.511971+09
614,2,19,2026-06-03,full,09:00:00,18:00:00,"",2026-07-06 14:59:40.511971+09,2026-07-06 14:59:40.511971+09
615,2,20,2026-06-03,full,09:00:00,18:00:00,"",2026-07-06 14:59:40.511971+09,2026-07-06 14:59:40.511971+09
616,2,21,2026-06-03,full,09:00:00,18:00:00,"",2026-07-06 14:59:40.511971+09,2026-07-06 14:59:40.511971+09
617,2,22,2026-06-03,full,09:00:00,18:00:00,"",2026-07-06 14:59:40.511971+09,2026-07-06 14:59:40.511971+09
618,2,34,2026-06-03,full,09:00:00,18:00:00,"",2026-07-06 14:59:40.511971+09,2026-07-06 14:59:40.511971+09
619,3,26,2026-06-03,full,09:00:00,18:00:00,"",2026-07-06 14:59:40.511971+09,2026-07-06 14:59:40.511971+09
620,3,27,2026-06-03,full,09:00:00,18:00:00,"",2026-07-06 14:59:40.511971+09,2026-07-06 14:59:40.511971+09
621,3,28,2026-06-03,full,09:00:00,18:00:00,"",2026-07-06 14:59:40.511971+09,2026-07-06 14:59:40.511971+09
622,3,29,2026-06-03,full,09:00:00,18:00:00,"",2026-07-06 14:59:40.511971+09,2026-07-06 14:59:40.511971+09
623,3,30,2026-06-03,full,09:00:00,18:00:00,"",2026-07-06 14:59:40.511971+09,2026-07-06 14:59:40.511971+09
624,3,35,2026-06-03,full,09:00:00,18:00:00,"",2026-07-06 14:59:40.511971+09,2026-07-06 14:59:40.511971+09
625,1,1,2026-06-04,full,09:00:00,18:00:00,予約連動出勤（静的予約補正）,2026-07-06 14:59:40.511971+09,2026-07-06 14:59:40.511971+09
626,1,2,2026-06-04,full,09:00:00,18:00:00,予約連動出勤（静的予約補正）,2026-07-06 14:59:40.511971+09,2026-07-06 14:59:40.511971+09
627,1,3,2026-06-04,full,09:00:00,18:00:00,予約連動出勤（静的予約補正）,2026-07-06 14:59:40.511971+09,2026-07-06 14:59:40.511971+09
628,1,4,2026-06-04,full,09:00:00,18:00:00,予約連動出勤（静的予約補正）,2026-07-06 14:59:40.511971+09,2026-07-06 14:59:40.511971+09
629,1,5,2026-06-04,full,09:00:00,18:00:00,"",2026-07-06 14:59:40.511971+09,2026-07-06 14:59:40.511971+09
630,1,6,2026-06-04,full,09:00:00,18:00:00,"",2026-07-06 14:59:40.511971+09,2026-07-06 14:59:40.511971+09
631,1,7,2026-06-04,full,09:00:00,18:00:00,"",2026-07-06 14:59:40.511971+09,2026-07-06 14:59:40.511971+09
632,1,8,2026-06-04,full,09:00:00,18:00:00,"",2026-07-06 14:59:40.511971+09,2026-07-06 14:59:40.511971+09
633,1,9,2026-06-04,full,09:00:00,18:00:00,"",2026-07-06 14:59:40.511971+09,2026-07-06 14:59:40.511971+09
634,1,10,2026-06-04,full,09:00:00,18:00:00,"",2026-07-06 14:59:40.511971+09,2026-07-06 14:59:40.511971+09
635,1,11,2026-06-04,full,09:00:00,18:00:00,"",2026-07-06 14:59:40.511971+09,2026-07-06 14:59:40.511971+09
636,1,33,2026-06-04,full,09:00:00,18:00:00,"",2026-07-06 14:59:40.511971+09,2026-07-06 14:59:40.511971+09
637,2,16,2026-06-04,full,09:00:00,18:00:00,"",2026-07-06 14:59:40.511971+09,2026-07-06 14:59:40.511971+09
638,2,17,2026-06-04,full,09:00:00,18:00:00,"",2026-07-06 14:59:40.511971+09,2026-07-06 14:59:40.511971+09
639,2,18,2026-06-04,full,09:00:00,18:00:00,"",2026-07-06 14:59:40.511971+09,2026-07-06 14:59:40.511971+09
640,2,19,2026-06-04,full,09:00:00,18:00:00,"",2026-07-06 14:59:40.511971+09,2026-07-06 14:59:40.511971+09
641,2,20,2026-06-04,full,09:00:00,18:00:00,"",2026-07-06 14:59:40.511971+09,2026-07-06 14:59:40.511971+09
642,2,21,2026-06-04,full,09:00:00,18:00:00,"",2026-07-06 14:59:40.511971+09,2026-07-06 14:59:40.511971+09
643,2,22,2026-06-04,full,09:00:00,18:00:00,"",2026-07-06 14:59:40.511971+09,2026-07-06 14:59:40.511971+09
644,2,34,2026-06-04,full,09:00:00,18:00:00,"",2026-07-06 14:59:40.511971+09,2026-07-06 14:59:40.511971+09
645,3,26,2026-06-04,full,09:00:00,18:00:00,"",2026-07-06 14:59:40.511971+09,2026-07-06 14:59:40.511971+09
646,3,27,2026-06-04,full,09:00:00,18:00:00,"",2026-07-06 14:59:40.511971+09,2026-07-06 14:59:40.511971+09
647,3,28,2026-06-04,full,09:00:00,18:00:00,"",2026-07-06 14:59:40.511971+09,2026-07-06 14:59:40.511971+09
648,3,29,2026-06-04,full,09:00:00,18:00:00,"",2026-07-06 14:59:40.511971+09,2026-07-06 14:59:40.511971+09
649,3,30,2026-06-04,full,09:00:00,18:00:00,"",2026-07-06 14:59:40.511971+09,2026-07-06 14:59:40.511971+09
650,3,35,2026-06-04,full,09:00:00,18:00:00,"",2026-07-06 14:59:40.511971+09,2026-07-06 14:59:40.511971+09
651,1,1,2026-06-05,full,09:00:00,18:00:00,予約連動出勤（静的予約補正）,2026-07-06 14:59:40.511971+09,2026-07-06 14:59:40.511971+09
652,1,2,2026-06-05,full,09:00:00,18:00:00,予約連動出勤（静的予約補正）,2026-07-06 14:59:40.511971+09,2026-07-06 14:59:40.511971+09
653,1,3,2026-06-05,full,09:00:00,18:00:00,予約連動出勤（静的予約補正）,2026-07-06 14:59:40.511971+09,2026-07-06 14:59:40.511971+09
654,1,4,2026-06-05,full,09:00:00,18:00:00,予約連動出勤（静的予約補正）,2026-07-06 14:59:40.511971+09,2026-07-06 14:59:40.511971+09
655,1,5,2026-06-05,full,09:00:00,18:00:00,"",2026-07-06 14:59:40.511971+09,2026-07-06 14:59:40.511971+09
656,1,6,2026-06-05,full,09:00:00,18:00:00,"",2026-07-06 14:59:40.511971+09,2026-07-06 14:59:40.511971+09
657,1,7,2026-06-05,full,09:00:00,18:00:00,"",2026-07-06 14:59:40.511971+09,2026-07-06 14:59:40.511971+09
658,1,8,2026-06-05,full,09:00:00,18:00:00,"",2026-07-06 14:59:40.511971+09,2026-07-06 14:59:40.511971+09
659,1,9,2026-06-05,full,09:00:00,18:00:00,"",2026-07-06 14:59:40.511971+09,2026-07-06 14:59:40.511971+09
660,1,10,2026-06-05,full,09:00:00,18:00:00,"",2026-07-06 14:59:40.511971+09,2026-07-06 14:59:40.511971+09
661,1,11,2026-06-05,full,09:00:00,18:00:00,"",2026-07-06 14:59:40.511971+09,2026-07-06 14:59:40.511971+09
662,1,33,2026-06-05,full,09:00:00,18:00:00,"",2026-07-06 14:59:40.511971+09,2026-07-06 14:59:40.511971+09
663,2,16,2026-06-05,full,09:00:00,18:00:00,"",2026-07-06 14:59:40.511971+09,2026-07-06 14:59:40.511971+09
664,2,17,2026-06-05,full,09:00:00,18:00:00,"",2026-07-06 14:59:40.511971+09,2026-07-06 14:59:40.511971+09
665,2,18,2026-06-05,full,09:00:00,18:00:00,"",2026-07-06 14:59:40.511971+09,2026-07-06 14:59:40.511971+09
666,2,19,2026-06-05,full,09:00:00,18:00:00,"",2026-07-06 14:59:40.511971+09,2026-07-06 14:59:40.511971+09
667,2,20,2026-06-05,full,09:00:00,18:00:00,"",2026-07-06 14:59:40.511971+09,2026-07-06 14:59:40.511971+09
668,2,21,2026-06-05,full,09:00:00,18:00:00,"",2026-07-06 14:59:40.511971+09,2026-07-06 14:59:40.511971+09
669,2,22,2026-06-05,full,09:00:00,18:00:00,"",2026-07-06 14:59:40.511971+09,2026-07-06 14:59:40.511971+09
670,2,34,2026-06-05,full,09:00:00,18:00:00,"",2026-07-06 14:59:40.511971+09,2026-07-06 14:59:40.511971+09
671,3,26,2026-06-05,full,09:00:00,18:00:00,"",2026-07-06 14:59:40.511971+09,2026-07-06 14:59:40.511971+09
672,3,27,2026-06-05,full,09:00:00,18:00:00,"",2026-07-06 14:59:40.511971+09,2026-07-06 14:59:40.511971+09
673,3,28,2026-06-05,full,09:00:00,18:00:00,"",2026-07-06 14:59:40.511971+09,2026-07-06 14:59:40.511971+09
674,3,29,2026-06-05,full,09:00:00,18:00:00,"",2026-07-06 14:59:40.511971+09,2026-07-06 14:59:40.511971+09
675,3,30,2026-06-05,full,09:00:00,18:00:00,"",2026-07-06 14:59:40.511971+09,2026-07-06 14:59:40.511971+09
676,3,35,2026-06-05,full,09:00:00,18:00:00,"",2026-07-06 14:59:40.511971+09,2026-07-06 14:59:40.511971+09
677,1,1,2026-06-06,full,09:00:00,18:00:00,予約連動出勤（静的予約補正）,2026-07-06 14:59:40.511971+09,2026-07-06 14:59:40.511971+09
678,1,2,2026-06-06,full,09:00:00,18:00:00,予約連動出勤（静的予約補正）,2026-07-06 14:59:40.511971+09,2026-07-06 14:59:40.511971+09
679,1,3,2026-06-06,full,09:00:00,18:00:00,予約連動出勤（静的予約補正）,2026-07-06 14:59:40.511971+09,2026-07-06 14:59:40.511971+09
680,1,4,2026-06-06,full,09:00:00,18:00:00,予約連動出勤（静的予約補正）,2026-07-06 14:59:40.511971+09,2026-07-06 14:59:40.511971+09
681,1,5,2026-06-06,morning,09:00:00,13:00:00,"",2026-07-06 14:59:40.511971+09,2026-07-06 14:59:40.511971+09
682,1,6,2026-06-06,morning,09:00:00,13:00:00,"",2026-07-06 14:59:40.511971+09,2026-07-06 14:59:40.511971+09
683,1,7,2026-06-06,morning,09:00:00,13:00:00,"",2026-07-06 14:59:40.511971+09,2026-07-06 14:59:40.511971+09
684,1,8,2026-06-06,morning,09:00:00,13:00:00,"",2026-07-06 14:59:40.511971+09,2026-07-06 14:59:40.511971+09
685,1,9,2026-06-06,morning,09:00:00,13:00:00,"",2026-07-06 14:59:40.511971+09,2026-07-06 14:59:40.511971+09
686,1,10,2026-06-06,morning,09:00:00,13:00:00,"",2026-07-06 14:59:40.511971+09,2026-07-06 14:59:40.511971+09
687,1,11,2026-06-06,morning,09:00:00,13:00:00,"",2026-07-06 14:59:40.511971+09,2026-07-06 14:59:40.511971+09
688,1,33,2026-06-06,morning,09:00:00,13:00:00,"",2026-07-06 14:59:40.511971+09,2026-07-06 14:59:40.511971+09
689,2,16,2026-06-06,morning,09:00:00,13:00:00,"",2026-07-06 14:59:40.511971+09,2026-07-06 14:59:40.511971+09
690,2,17,2026-06-06,morning,09:00:00,13:00:00,"",2026-07-06 14:59:40.511971+09,2026-07-06 14:59:40.511971+09
691,2,18,2026-06-06,morning,09:00:00,13:00:00,"",2026-07-06 14:59:40.511971+09,2026-07-06 14:59:40.511971+09
692,2,19,2026-06-06,morning,09:00:00,13:00:00,"",2026-07-06 14:59:40.511971+09,2026-07-06 14:59:40.511971+09
693,2,20,2026-06-06,morning,09:00:00,13:00:00,"",2026-07-06 14:59:40.511971+09,2026-07-06 14:59:40.511971+09
694,2,21,2026-06-06,morning,09:00:00,13:00:00,"",2026-07-06 14:59:40.511971+09,2026-07-06 14:59:40.511971+09
695,2,22,2026-06-06,morning,09:00:00,13:00:00,"",2026-07-06 14:59:40.511971+09,2026-07-06 14:59:40.511971+09
696,2,34,2026-06-06,morning,09:00:00,13:00:00,"",2026-07-06 14:59:40.511971+09,2026-07-06 14:59:40.511971+09
697,3,26,2026-06-06,morning,09:00:00,13:00:00,"",2026-07-06 14:59:40.511971+09,2026-07-06 14:59:40.511971+09
698,3,27,2026-06-06,morning,09:00:00,13:00:00,"",2026-07-06 14:59:40.511971+09,2026-07-06 14:59:40.511971+09
699,3,28,2026-06-06,morning,09:00:00,13:00:00,"",2026-07-06 14:59:40.511971+09,2026-07-06 14:59:40.511971+09
700,3,29,2026-06-06,morning,09:00:00,13:00:00,"",2026-07-06 14:59:40.511971+09,2026-07-06 14:59:40.511971+09
701,3,30,2026-06-06,morning,09:00:00,13:00:00,"",2026-07-06 14:59:40.511971+09,2026-07-06 14:59:40.511971+09
702,3,35,2026-06-06,morning,09:00:00,13:00:00,"",2026-07-06 14:59:40.511971+09,2026-07-06 14:59:40.511971+09
703,1,1,2026-06-07,full,09:00:00,18:00:00,予約連動出勤（静的予約補正）,2026-07-06 14:59:40.511971+09,2026-07-06 14:59:40.511971+09
704,1,2,2026-06-07,full,09:00:00,18:00:00,予約連動出勤（静的予約補正）,2026-07-06 14:59:40.511971+09,2026-07-06 14:59:40.511971+09
705,1,3,2026-06-07,full,09:00:00,18:00:00,予約連動出勤（静的予約補正）,2026-07-06 14:59:40.511971+09,2026-07-06 14:59:40.511971+09
706,1,4,2026-06-07,full,09:00:00,18:00:00,予約連動出勤（静的予約補正）,2026-07-06 14:59:40.511971+09,2026-07-06 14:59:40.511971+09
707,1,5,2026-06-07,off,,,"",2026-07-06 14:59:40.511971+09,2026-07-06 14:59:40.511971+09
708,1,6,2026-06-07,off,,,"",2026-07-06 14:59:40.511971+09,2026-07-06 14:59:40.511971+09
709,1,7,2026-06-07,off,,,"",2026-07-06 14:59:40.511971+09,2026-07-06 14:59:40.511971+09
710,1,8,2026-06-07,off,,,"",2026-07-06 14:59:40.511971+09,2026-07-06 14:59:40.511971+09
711,1,9,2026-06-07,off,,,"",2026-07-06 14:59:40.511971+09,2026-07-06 14:59:40.511971+09
712,1,10,2026-06-07,off,,,"",2026-07-06 14:59:40.511971+09,2026-07-06 14:59:40.511971+09
713,1,11,2026-06-07,off,,,"",2026-07-06 14:59:40.511971+09,2026-07-06 14:59:40.511971+09
714,1,33,2026-06-07,off,,,"",2026-07-06 14:59:40.511971+09,2026-07-06 14:59:40.511971+09
715,2,16,2026-06-07,off,,,"",2026-07-06 14:59:40.511971+09,2026-07-06 14:59:40.511971+09
716,2,17,2026-06-07,off,,,"",2026-07-06 14:59:40.511971+09,2026-07-06 14:59:40.511971+09
717,2,18,2026-06-07,off,,,"",2026-07-06 14:59:40.511971+09,2026-07-06 14:59:40.511971+09
718,2,19,2026-06-07,off,,,"",2026-07-06 14:59:40.511971+09,2026-07-06 14:59:40.511971+09
719,2,20,2026-06-07,off,,,"",2026-07-06 14:59:40.511971+09,2026-07-06 14:59:40.511971+09
720,2,21,2026-06-07,off,,,"",2026-07-06 14:59:40.511971+09,2026-07-06 14:59:40.511971+09
721,2,22,2026-06-07,off,,,"",2026-07-06 14:59:40.511971+09,2026-07-06 14:59:40.511971+09
722,2,34,2026-06-07,off,,,"",2026-07-06 14:59:40.511971+09,2026-07-06 14:59:40.511971+09
723,3,26,2026-06-07,off,,,"",2026-07-06 14:59:40.511971+09,2026-07-06 14:59:40.511971+09
724,3,27,2026-06-07,off,,,"",2026-07-06 14:59:40.511971+09,2026-07-06 14:59:40.511971+09
725,3,28,2026-06-07,off,,,"",2026-07-06 14:59:40.511971+09,2026-07-06 14:59:40.511971+09
726,3,29,2026-06-07,off,,,"",2026-07-06 14:59:40.511971+09,2026-07-06 14:59:40.511971+09
727,3,30,2026-06-07,off,,,"",2026-07-06 14:59:40.511971+09,2026-07-06 14:59:40.511971+09
728,3,35,2026-06-07,off,,,"",2026-07-06 14:59:40.511971+09,2026-07-06 14:59:40.511971+09
729,1,1,2026-06-08,full,09:00:00,18:00:00,予約連動出勤（静的予約補正）,2026-07-06 14:59:40.511971+09,2026-07-06 14:59:40.511971+09
730,1,2,2026-06-08,full,09:00:00,18:00:00,予約連動出勤（静的予約補正）,2026-07-06 14:59:40.511971+09,2026-07-06 14:59:40.511971+09
731,1,3,2026-06-08,full,09:00:00,18:00:00,予約連動出勤（静的予約補正）,2026-07-06 14:59:40.511971+09,2026-07-06 14:59:40.511971+09
732,1,4,2026-06-08,full,09:00:00,18:00:00,予約連動出勤（静的予約補正）,2026-07-06 14:59:40.511971+09,2026-07-06 14:59:40.511971+09
733,1,5,2026-06-08,full,09:00:00,18:00:00,"",2026-07-06 14:59:40.511971+09,2026-07-06 14:59:40.511971+09
734,1,6,2026-06-08,full,09:00:00,18:00:00,"",2026-07-06 14:59:40.511971+09,2026-07-06 14:59:40.511971+09
735,1,7,2026-06-08,full,09:00:00,18:00:00,"",2026-07-06 14:59:40.511971+09,2026-07-06 14:59:40.511971+09
736,1,8,2026-06-08,full,09:00:00,18:00:00,"",2026-07-06 14:59:40.511971+09,2026-07-06 14:59:40.511971+09
737,1,9,2026-06-08,full,09:00:00,18:00:00,"",2026-07-06 14:59:40.511971+09,2026-07-06 14:59:40.511971+09
738,1,10,2026-06-08,full,09:00:00,18:00:00,"",2026-07-06 14:59:40.511971+09,2026-07-06 14:59:40.511971+09
739,1,11,2026-06-08,full,09:00:00,18:00:00,"",2026-07-06 14:59:40.511971+09,2026-07-06 14:59:40.511971+09
740,1,33,2026-06-08,full,09:00:00,18:00:00,"",2026-07-06 14:59:40.511971+09,2026-07-06 14:59:40.511971+09
741,2,16,2026-06-08,full,09:00:00,18:00:00,"",2026-07-06 14:59:40.511971+09,2026-07-06 14:59:40.511971+09
742,2,17,2026-06-08,full,09:00:00,18:00:00,"",2026-07-06 14:59:40.511971+09,2026-07-06 14:59:40.511971+09
743,2,18,2026-06-08,full,09:00:00,18:00:00,"",2026-07-06 14:59:40.511971+09,2026-07-06 14:59:40.511971+09
744,2,19,2026-06-08,full,09:00:00,18:00:00,"",2026-07-06 14:59:40.511971+09,2026-07-06 14:59:40.511971+09
745,2,20,2026-06-08,full,09:00:00,18:00:00,"",2026-07-06 14:59:40.511971+09,2026-07-06 14:59:40.511971+09
746,2,21,2026-06-08,full,09:00:00,18:00:00,"",2026-07-06 14:59:40.511971+09,2026-07-06 14:59:40.511971+09
747,2,22,2026-06-08,full,09:00:00,18:00:00,"",2026-07-06 14:59:40.511971+09,2026-07-06 14:59:40.511971+09
748,2,34,2026-06-08,full,09:00:00,18:00:00,"",2026-07-06 14:59:40.511971+09,2026-07-06 14:59:40.511971+09
749,3,26,2026-06-08,full,09:00:00,18:00:00,"",2026-07-06 14:59:40.511971+09,2026-07-06 14:59:40.511971+09
750,3,27,2026-06-08,full,09:00:00,18:00:00,"",2026-07-06 14:59:40.511971+09,2026-07-06 14:59:40.511971+09
751,3,28,2026-06-08,full,09:00:00,18:00:00,"",2026-07-06 14:59:40.511971+09,2026-07-06 14:59:40.511971+09
752,3,29,2026-06-08,full,09:00:00,18:00:00,"",2026-07-06 14:59:40.511971+09,2026-07-06 14:59:40.511971+09
753,3,30,2026-06-08,full,09:00:00,18:00:00,"",2026-07-06 14:59:40.511971+09,2026-07-06 14:59:40.511971+09
754,3,35,2026-06-08,full,09:00:00,18:00:00,"",2026-07-06 14:59:40.511971+09,2026-07-06 14:59:40.511971+09
755,1,1,2026-06-09,full,09:00:00,18:00:00,予約連動出勤（静的予約補正）,2026-07-06 14:59:40.511971+09,2026-07-06 14:59:40.511971+09
756,1,2,2026-06-09,full,09:00:00,18:00:00,予約連動出勤（静的予約補正）,2026-07-06 14:59:40.511971+09,2026-07-06 14:59:40.511971+09
757,1,3,2026-06-09,full,09:00:00,18:00:00,予約連動出勤（静的予約補正）,2026-07-06 14:59:40.511971+09,2026-07-06 14:59:40.511971+09
758,1,4,2026-06-09,full,09:00:00,18:00:00,予約連動出勤（静的予約補正）,2026-07-06 14:59:40.511971+09,2026-07-06 14:59:40.511971+09
759,1,5,2026-06-09,full,09:00:00,18:00:00,"",2026-07-06 14:59:40.511971+09,2026-07-06 14:59:40.511971+09
760,1,6,2026-06-09,full,09:00:00,18:00:00,"",2026-07-06 14:59:40.511971+09,2026-07-06 14:59:40.511971+09
761,1,7,2026-06-09,full,09:00:00,18:00:00,"",2026-07-06 14:59:40.511971+09,2026-07-06 14:59:40.511971+09
762,1,8,2026-06-09,full,09:00:00,18:00:00,"",2026-07-06 14:59:40.511971+09,2026-07-06 14:59:40.511971+09
763,1,9,2026-06-09,full,09:00:00,18:00:00,"",2026-07-06 14:59:40.511971+09,2026-07-06 14:59:40.511971+09
764,1,10,2026-06-09,full,09:00:00,18:00:00,"",2026-07-06 14:59:40.511971+09,2026-07-06 14:59:40.511971+09
765,1,11,2026-06-09,full,09:00:00,18:00:00,"",2026-07-06 14:59:40.511971+09,2026-07-06 14:59:40.511971+09
766,1,33,2026-06-09,full,09:00:00,18:00:00,"",2026-07-06 14:59:40.511971+09,2026-07-06 14:59:40.511971+09
767,2,16,2026-06-09,full,09:00:00,18:00:00,"",2026-07-06 14:59:40.511971+09,2026-07-06 14:59:40.511971+09
768,2,17,2026-06-09,full,09:00:00,18:00:00,"",2026-07-06 14:59:40.511971+09,2026-07-06 14:59:40.511971+09
769,2,18,2026-06-09,full,09:00:00,18:00:00,"",2026-07-06 14:59:40.511971+09,2026-07-06 14:59:40.511971+09
770,2,19,2026-06-09,full,09:00:00,18:00:00,"",2026-07-06 14:59:40.511971+09,2026-07-06 14:59:40.511971+09
771,2,20,2026-06-09,full,09:00:00,18:00:00,"",2026-07-06 14:59:40.511971+09,2026-07-06 14:59:40.511971+09
772,2,21,2026-06-09,full,09:00:00,18:00:00,"",2026-07-06 14:59:40.511971+09,2026-07-06 14:59:40.511971+09
773,2,22,2026-06-09,full,09:00:00,18:00:00,"",2026-07-06 14:59:40.511971+09,2026-07-06 14:59:40.511971+09
774,2,34,2026-06-09,full,09:00:00,18:00:00,"",2026-07-06 14:59:40.511971+09,2026-07-06 14:59:40.511971+09
775,3,26,2026-06-09,full,09:00:00,18:00:00,"",2026-07-06 14:59:40.511971+09,2026-07-06 14:59:40.511971+09
776,3,27,2026-06-09,full,09:00:00,18:00:00,"",2026-07-06 14:59:40.511971+09,2026-07-06 14:59:40.511971+09
777,3,28,2026-06-09,full,09:00:00,18:00:00,"",2026-07-06 14:59:40.511971+09,2026-07-06 14:59:40.511971+09
778,3,29,2026-06-09,full,09:00:00,18:00:00,"",2026-07-06 14:59:40.511971+09,2026-07-06 14:59:40.511971+09
779,3,30,2026-06-09,full,09:00:00,18:00:00,"",2026-07-06 14:59:40.511971+09,2026-07-06 14:59:40.511971+09
780,3,35,2026-06-09,full,09:00:00,18:00:00,"",2026-07-06 14:59:40.511971+09,2026-07-06 14:59:40.511971+09
781,1,1,2026-06-10,full,09:00:00,18:00:00,予約連動出勤（静的予約補正）,2026-07-06 14:59:40.511971+09,2026-07-06 14:59:40.511971+09
782,1,2,2026-06-10,full,09:00:00,18:00:00,予約連動出勤（静的予約補正）,2026-07-06 14:59:40.511971+09,2026-07-06 14:59:40.511971+09
783,1,3,2026-06-10,full,09:00:00,18:00:00,予約連動出勤（静的予約補正）,2026-07-06 14:59:40.511971+09,2026-07-06 14:59:40.511971+09
784,1,4,2026-06-10,full,09:00:00,18:00:00,予約連動出勤（静的予約補正）,2026-07-06 14:59:40.511971+09,2026-07-06 14:59:40.511971+09
785,1,5,2026-06-10,full,09:00:00,18:00:00,"",2026-07-06 14:59:40.511971+09,2026-07-06 14:59:40.511971+09
786,1,6,2026-06-10,full,09:00:00,18:00:00,"",2026-07-06 14:59:40.511971+09,2026-07-06 14:59:40.511971+09
787,1,7,2026-06-10,full,09:00:00,18:00:00,"",2026-07-06 14:59:40.511971+09,2026-07-06 14:59:40.511971+09
788,1,8,2026-06-10,full,09:00:00,18:00:00,"",2026-07-06 14:59:40.511971+09,2026-07-06 14:59:40.511971+09
789,1,9,2026-06-10,full,09:00:00,18:00:00,"",2026-07-06 14:59:40.511971+09,2026-07-06 14:59:40.511971+09
790,1,10,2026-06-10,full,09:00:00,18:00:00,"",2026-07-06 14:59:40.511971+09,2026-07-06 14:59:40.511971+09
791,1,11,2026-06-10,full,09:00:00,18:00:00,"",2026-07-06 14:59:40.511971+09,2026-07-06 14:59:40.511971+09
792,1,33,2026-06-10,full,09:00:00,18:00:00,"",2026-07-06 14:59:40.511971+09,2026-07-06 14:59:40.511971+09
793,2,16,2026-06-10,full,09:00:00,18:00:00,"",2026-07-06 14:59:40.511971+09,2026-07-06 14:59:40.511971+09
794,2,17,2026-06-10,full,09:00:00,18:00:00,"",2026-07-06 14:59:40.511971+09,2026-07-06 14:59:40.511971+09
795,2,18,2026-06-10,full,09:00:00,18:00:00,"",2026-07-06 14:59:40.511971+09,2026-07-06 14:59:40.511971+09
796,2,19,2026-06-10,full,09:00:00,18:00:00,"",2026-07-06 14:59:40.511971+09,2026-07-06 14:59:40.511971+09
797,2,20,2026-06-10,full,09:00:00,18:00:00,"",2026-07-06 14:59:40.511971+09,2026-07-06 14:59:40.511971+09
798,2,21,2026-06-10,full,09:00:00,18:00:00,"",2026-07-06 14:59:40.511971+09,2026-07-06 14:59:40.511971+09
799,2,22,2026-06-10,full,09:00:00,18:00:00,"",2026-07-06 14:59:40.511971+09,2026-07-06 14:59:40.511971+09
800,2,34,2026-06-10,full,09:00:00,18:00:00,"",2026-07-06 14:59:40.511971+09,2026-07-06 14:59:40.511971+09
801,3,26,2026-06-10,full,09:00:00,18:00:00,"",2026-07-06 14:59:40.511971+09,2026-07-06 14:59:40.511971+09
802,3,27,2026-06-10,full,09:00:00,18:00:00,"",2026-07-06 14:59:40.511971+09,2026-07-06 14:59:40.511971+09
803,3,28,2026-06-10,full,09:00:00,18:00:00,"",2026-07-06 14:59:40.511971+09,2026-07-06 14:59:40.511971+09
804,3,29,2026-06-10,full,09:00:00,18:00:00,"",2026-07-06 14:59:40.511971+09,2026-07-06 14:59:40.511971+09
805,3,30,2026-06-10,full,09:00:00,18:00:00,"",2026-07-06 14:59:40.511971+09,2026-07-06 14:59:40.511971+09
806,3,35,2026-06-10,full,09:00:00,18:00:00,"",2026-07-06 14:59:40.511971+09,2026-07-06 14:59:40.511971+09
807,1,1,2026-06-11,full,09:00:00,18:00:00,予約連動出勤（静的予約補正）,2026-07-06 14:59:40.511971+09,2026-07-06 14:59:40.511971+09
808,1,2,2026-06-11,full,09:00:00,18:00:00,予約連動出勤（静的予約補正）,2026-07-06 14:59:40.511971+09,2026-07-06 14:59:40.511971+09
809,1,3,2026-06-11,full,09:00:00,18:00:00,予約連動出勤（静的予約補正）,2026-07-06 14:59:40.511971+09,2026-07-06 14:59:40.511971+09
810,1,4,2026-06-11,full,09:00:00,18:00:00,予約連動出勤（静的予約補正）,2026-07-06 14:59:40.511971+09,2026-07-06 14:59:40.511971+09
811,1,5,2026-06-11,full,09:00:00,18:00:00,"",2026-07-06 14:59:40.511971+09,2026-07-06 14:59:40.511971+09
812,1,6,2026-06-11,full,09:00:00,18:00:00,"",2026-07-06 14:59:40.511971+09,2026-07-06 14:59:40.511971+09
813,1,7,2026-06-11,full,09:00:00,18:00:00,"",2026-07-06 14:59:40.511971+09,2026-07-06 14:59:40.511971+09
814,1,8,2026-06-11,full,09:00:00,18:00:00,"",2026-07-06 14:59:40.511971+09,2026-07-06 14:59:40.511971+09
815,1,9,2026-06-11,full,09:00:00,18:00:00,"",2026-07-06 14:59:40.511971+09,2026-07-06 14:59:40.511971+09
816,1,10,2026-06-11,full,09:00:00,18:00:00,"",2026-07-06 14:59:40.511971+09,2026-07-06 14:59:40.511971+09
817,1,11,2026-06-11,full,09:00:00,18:00:00,"",2026-07-06 14:59:40.511971+09,2026-07-06 14:59:40.511971+09
818,1,33,2026-06-11,full,09:00:00,18:00:00,"",2026-07-06 14:59:40.511971+09,2026-07-06 14:59:40.511971+09
819,2,16,2026-06-11,full,09:00:00,18:00:00,"",2026-07-06 14:59:40.511971+09,2026-07-06 14:59:40.511971+09
820,2,17,2026-06-11,full,09:00:00,18:00:00,"",2026-07-06 14:59:40.511971+09,2026-07-06 14:59:40.511971+09
821,2,18,2026-06-11,full,09:00:00,18:00:00,"",2026-07-06 14:59:40.511971+09,2026-07-06 14:59:40.511971+09
822,2,19,2026-06-11,full,09:00:00,18:00:00,"",2026-07-06 14:59:40.511971+09,2026-07-06 14:59:40.511971+09
823,2,20,2026-06-11,full,09:00:00,18:00:00,"",2026-07-06 14:59:40.511971+09,2026-07-06 14:59:40.511971+09
824,2,21,2026-06-11,full,09:00:00,18:00:00,"",2026-07-06 14:59:40.511971+09,2026-07-06 14:59:40.511971+09
825,2,22,2026-06-11,full,09:00:00,18:00:00,"",2026-07-06 14:59:40.511971+09,2026-07-06 14:59:40.511971+09
826,2,34,2026-06-11,full,09:00:00,18:00:00,"",2026-07-06 14:59:40.511971+09,2026-07-06 14:59:40.511971+09
827,3,26,2026-06-11,full,09:00:00,18:00:00,"",2026-07-06 14:59:40.511971+09,2026-07-06 14:59:40.511971+09
828,3,27,2026-06-11,full,09:00:00,18:00:00,"",2026-07-06 14:59:40.511971+09,2026-07-06 14:59:40.511971+09
829,3,28,2026-06-11,full,09:00:00,18:00:00,"",2026-07-06 14:59:40.511971+09,2026-07-06 14:59:40.511971+09
830,3,29,2026-06-11,full,09:00:00,18:00:00,"",2026-07-06 14:59:40.511971+09,2026-07-06 14:59:40.511971+09
831,3,30,2026-06-11,full,09:00:00,18:00:00,"",2026-07-06 14:59:40.511971+09,2026-07-06 14:59:40.511971+09
832,3,35,2026-06-11,full,09:00:00,18:00:00,"",2026-07-06 14:59:40.511971+09,2026-07-06 14:59:40.511971+09
833,1,1,2026-06-12,full,09:00:00,18:00:00,予約連動出勤（静的予約補正）,2026-07-06 14:59:40.511971+09,2026-07-06 14:59:40.511971+09
834,1,2,2026-06-12,full,09:00:00,18:00:00,予約連動出勤（静的予約補正）,2026-07-06 14:59:40.511971+09,2026-07-06 14:59:40.511971+09
835,1,3,2026-06-12,full,09:00:00,18:00:00,予約連動出勤（静的予約補正）,2026-07-06 14:59:40.511971+09,2026-07-06 14:59:40.511971+09
836,1,4,2026-06-12,full,09:00:00,18:00:00,予約連動出勤（静的予約補正）,2026-07-06 14:59:40.511971+09,2026-07-06 14:59:40.511971+09
837,1,5,2026-06-12,full,09:00:00,18:00:00,"",2026-07-06 14:59:40.511971+09,2026-07-06 14:59:40.511971+09
838,1,6,2026-06-12,full,09:00:00,18:00:00,"",2026-07-06 14:59:40.511971+09,2026-07-06 14:59:40.511971+09
839,1,7,2026-06-12,full,09:00:00,18:00:00,"",2026-07-06 14:59:40.511971+09,2026-07-06 14:59:40.511971+09
840,1,8,2026-06-12,full,09:00:00,18:00:00,"",2026-07-06 14:59:40.511971+09,2026-07-06 14:59:40.511971+09
841,1,9,2026-06-12,full,09:00:00,18:00:00,"",2026-07-06 14:59:40.511971+09,2026-07-06 14:59:40.511971+09
842,1,10,2026-06-12,full,09:00:00,18:00:00,"",2026-07-06 14:59:40.511971+09,2026-07-06 14:59:40.511971+09
843,1,11,2026-06-12,full,09:00:00,18:00:00,"",2026-07-06 14:59:40.511971+09,2026-07-06 14:59:40.511971+09
844,1,33,2026-06-12,full,09:00:00,18:00:00,"",2026-07-06 14:59:40.511971+09,2026-07-06 14:59:40.511971+09
845,2,16,2026-06-12,full,09:00:00,18:00:00,"",2026-07-06 14:59:40.511971+09,2026-07-06 14:59:40.511971+09
846,2,17,2026-06-12,full,09:00:00,18:00:00,"",2026-07-06 14:59:40.511971+09,2026-07-06 14:59:40.511971+09
847,2,18,2026-06-12,full,09:00:00,18:00:00,"",2026-07-06 14:59:40.511971+09,2026-07-06 14:59:40.511971+09
848,2,19,2026-06-12,full,09:00:00,18:00:00,"",2026-07-06 14:59:40.511971+09,2026-07-06 14:59:40.511971+09
849,2,20,2026-06-12,full,09:00:00,18:00:00,"",2026-07-06 14:59:40.511971+09,2026-07-06 14:59:40.511971+09
850,2,21,2026-06-12,full,09:00:00,18:00:00,"",2026-07-06 14:59:40.511971+09,2026-07-06 14:59:40.511971+09
851,2,22,2026-06-12,full,09:00:00,18:00:00,"",2026-07-06 14:59:40.511971+09,2026-07-06 14:59:40.511971+09
852,2,34,2026-06-12,full,09:00:00,18:00:00,"",2026-07-06 14:59:40.511971+09,2026-07-06 14:59:40.511971+09
853,3,26,2026-06-12,full,09:00:00,18:00:00,"",2026-07-06 14:59:40.511971+09,2026-07-06 14:59:40.511971+09
854,3,27,2026-06-12,full,09:00:00,18:00:00,"",2026-07-06 14:59:40.511971+09,2026-07-06 14:59:40.511971+09
855,3,28,2026-06-12,full,09:00:00,18:00:00,"",2026-07-06 14:59:40.511971+09,2026-07-06 14:59:40.511971+09
856,3,29,2026-06-12,full,09:00:00,18:00:00,"",2026-07-06 14:59:40.511971+09,2026-07-06 14:59:40.511971+09
857,3,30,2026-06-12,full,09:00:00,18:00:00,"",2026-07-06 14:59:40.511971+09,2026-07-06 14:59:40.511971+09
858,3,35,2026-06-12,full,09:00:00,18:00:00,"",2026-07-06 14:59:40.511971+09,2026-07-06 14:59:40.511971+09
859,1,1,2026-06-13,full,09:00:00,18:00:00,予約連動出勤（静的予約補正）,2026-07-06 14:59:40.511971+09,2026-07-06 14:59:40.511971+09
860,1,2,2026-06-13,full,09:00:00,18:00:00,予約連動出勤（静的予約補正）,2026-07-06 14:59:40.511971+09,2026-07-06 14:59:40.511971+09
861,1,3,2026-06-13,full,09:00:00,18:00:00,予約連動出勤（静的予約補正）,2026-07-06 14:59:40.511971+09,2026-07-06 14:59:40.511971+09
862,1,4,2026-06-13,full,09:00:00,18:00:00,予約連動出勤（静的予約補正）,2026-07-06 14:59:40.511971+09,2026-07-06 14:59:40.511971+09
863,1,5,2026-06-13,morning,09:00:00,13:00:00,"",2026-07-06 14:59:40.511971+09,2026-07-06 14:59:40.511971+09
864,1,6,2026-06-13,morning,09:00:00,13:00:00,"",2026-07-06 14:59:40.511971+09,2026-07-06 14:59:40.511971+09
865,1,7,2026-06-13,morning,09:00:00,13:00:00,"",2026-07-06 14:59:40.511971+09,2026-07-06 14:59:40.511971+09
866,1,8,2026-06-13,morning,09:00:00,13:00:00,"",2026-07-06 14:59:40.511971+09,2026-07-06 14:59:40.511971+09
867,1,9,2026-06-13,morning,09:00:00,13:00:00,"",2026-07-06 14:59:40.511971+09,2026-07-06 14:59:40.511971+09
868,1,10,2026-06-13,morning,09:00:00,13:00:00,"",2026-07-06 14:59:40.511971+09,2026-07-06 14:59:40.511971+09
869,1,11,2026-06-13,morning,09:00:00,13:00:00,"",2026-07-06 14:59:40.511971+09,2026-07-06 14:59:40.511971+09
870,1,33,2026-06-13,morning,09:00:00,13:00:00,"",2026-07-06 14:59:40.511971+09,2026-07-06 14:59:40.511971+09
871,2,16,2026-06-13,morning,09:00:00,13:00:00,"",2026-07-06 14:59:40.511971+09,2026-07-06 14:59:40.511971+09
872,2,17,2026-06-13,morning,09:00:00,13:00:00,"",2026-07-06 14:59:40.511971+09,2026-07-06 14:59:40.511971+09
873,2,18,2026-06-13,morning,09:00:00,13:00:00,"",2026-07-06 14:59:40.511971+09,2026-07-06 14:59:40.511971+09
874,2,19,2026-06-13,morning,09:00:00,13:00:00,"",2026-07-06 14:59:40.511971+09,2026-07-06 14:59:40.511971+09
875,2,20,2026-06-13,morning,09:00:00,13:00:00,"",2026-07-06 14:59:40.511971+09,2026-07-06 14:59:40.511971+09
876,2,21,2026-06-13,morning,09:00:00,13:00:00,"",2026-07-06 14:59:40.511971+09,2026-07-06 14:59:40.511971+09
877,2,22,2026-06-13,morning,09:00:00,13:00:00,"",2026-07-06 14:59:40.511971+09,2026-07-06 14:59:40.511971+09
878,2,34,2026-06-13,morning,09:00:00,13:00:00,"",2026-07-06 14:59:40.511971+09,2026-07-06 14:59:40.511971+09
879,3,26,2026-06-13,morning,09:00:00,13:00:00,"",2026-07-06 14:59:40.511971+09,2026-07-06 14:59:40.511971+09
880,3,27,2026-06-13,morning,09:00:00,13:00:00,"",2026-07-06 14:59:40.511971+09,2026-07-06 14:59:40.511971+09
881,3,28,2026-06-13,morning,09:00:00,13:00:00,"",2026-07-06 14:59:40.511971+09,2026-07-06 14:59:40.511971+09
882,3,29,2026-06-13,morning,09:00:00,13:00:00,"",2026-07-06 14:59:40.511971+09,2026-07-06 14:59:40.511971+09
883,3,30,2026-06-13,morning,09:00:00,13:00:00,"",2026-07-06 14:59:40.511971+09,2026-07-06 14:59:40.511971+09
884,3,35,2026-06-13,morning,09:00:00,13:00:00,"",2026-07-06 14:59:40.511971+09,2026-07-06 14:59:40.511971+09
885,1,1,2026-06-14,full,09:00:00,18:00:00,予約連動出勤（静的予約補正）,2026-07-06 14:59:40.511971+09,2026-07-06 14:59:40.511971+09
886,1,2,2026-06-14,full,09:00:00,18:00:00,予約連動出勤（静的予約補正）,2026-07-06 14:59:40.511971+09,2026-07-06 14:59:40.511971+09
887,1,3,2026-06-14,full,09:00:00,18:00:00,予約連動出勤（静的予約補正）,2026-07-06 14:59:40.511971+09,2026-07-06 14:59:40.511971+09
888,1,4,2026-06-14,full,09:00:00,18:00:00,予約連動出勤（静的予約補正）,2026-07-06 14:59:40.511971+09,2026-07-06 14:59:40.511971+09
889,1,5,2026-06-14,off,,,"",2026-07-06 14:59:40.511971+09,2026-07-06 14:59:40.511971+09
890,1,6,2026-06-14,off,,,"",2026-07-06 14:59:40.511971+09,2026-07-06 14:59:40.511971+09
891,1,7,2026-06-14,off,,,"",2026-07-06 14:59:40.511971+09,2026-07-06 14:59:40.511971+09
892,1,8,2026-06-14,off,,,"",2026-07-06 14:59:40.511971+09,2026-07-06 14:59:40.511971+09
893,1,9,2026-06-14,off,,,"",2026-07-06 14:59:40.511971+09,2026-07-06 14:59:40.511971+09
894,1,10,2026-06-14,off,,,"",2026-07-06 14:59:40.511971+09,2026-07-06 14:59:40.511971+09
895,1,11,2026-06-14,off,,,"",2026-07-06 14:59:40.511971+09,2026-07-06 14:59:40.511971+09
896,1,33,2026-06-14,off,,,"",2026-07-06 14:59:40.511971+09,2026-07-06 14:59:40.511971+09
897,2,16,2026-06-14,off,,,"",2026-07-06 14:59:40.511971+09,2026-07-06 14:59:40.511971+09
898,2,17,2026-06-14,off,,,"",2026-07-06 14:59:40.511971+09,2026-07-06 14:59:40.511971+09
899,2,18,2026-06-14,off,,,"",2026-07-06 14:59:40.511971+09,2026-07-06 14:59:40.511971+09
900,2,19,2026-06-14,off,,,"",2026-07-06 14:59:40.511971+09,2026-07-06 14:59:40.511971+09
901,2,20,2026-06-14,off,,,"",2026-07-06 14:59:40.511971+09,2026-07-06 14:59:40.511971+09
902,2,21,2026-06-14,off,,,"",2026-07-06 14:59:40.511971+09,2026-07-06 14:59:40.511971+09
903,2,22,2026-06-14,off,,,"",2026-07-06 14:59:40.511971+09,2026-07-06 14:59:40.511971+09
904,2,34,2026-06-14,off,,,"",2026-07-06 14:59:40.511971+09,2026-07-06 14:59:40.511971+09
905,3,26,2026-06-14,off,,,"",2026-07-06 14:59:40.511971+09,2026-07-06 14:59:40.511971+09
906,3,27,2026-06-14,off,,,"",2026-07-06 14:59:40.511971+09,2026-07-06 14:59:40.511971+09
907,3,28,2026-06-14,off,,,"",2026-07-06 14:59:40.511971+09,2026-07-06 14:59:40.511971+09
908,3,29,2026-06-14,off,,,"",2026-07-06 14:59:40.511971+09,2026-07-06 14:59:40.511971+09
909,3,30,2026-06-14,off,,,"",2026-07-06 14:59:40.511971+09,2026-07-06 14:59:40.511971+09
910,3,35,2026-06-14,off,,,"",2026-07-06 14:59:40.511971+09,2026-07-06 14:59:40.511971+09
911,1,1,2026-06-15,full,09:00:00,18:00:00,予約連動出勤（静的予約補正）,2026-07-06 14:59:40.511971+09,2026-07-06 14:59:40.511971+09
912,1,2,2026-06-15,full,09:00:00,18:00:00,予約連動出勤（静的予約補正）,2026-07-06 14:59:40.511971+09,2026-07-06 14:59:40.511971+09
913,1,3,2026-06-15,full,09:00:00,18:00:00,予約連動出勤（静的予約補正）,2026-07-06 14:59:40.511971+09,2026-07-06 14:59:40.511971+09
914,1,4,2026-06-15,full,09:00:00,18:00:00,予約連動出勤（静的予約補正）,2026-07-06 14:59:40.511971+09,2026-07-06 14:59:40.511971+09
915,1,5,2026-06-15,full,09:00:00,18:00:00,"",2026-07-06 14:59:40.511971+09,2026-07-06 14:59:40.511971+09
916,1,6,2026-06-15,full,09:00:00,18:00:00,"",2026-07-06 14:59:40.511971+09,2026-07-06 14:59:40.511971+09
917,1,7,2026-06-15,full,09:00:00,18:00:00,"",2026-07-06 14:59:40.511971+09,2026-07-06 14:59:40.511971+09
918,1,8,2026-06-15,full,09:00:00,18:00:00,"",2026-07-06 14:59:40.511971+09,2026-07-06 14:59:40.511971+09
919,1,9,2026-06-15,full,09:00:00,18:00:00,"",2026-07-06 14:59:40.511971+09,2026-07-06 14:59:40.511971+09
920,1,10,2026-06-15,full,09:00:00,18:00:00,"",2026-07-06 14:59:40.511971+09,2026-07-06 14:59:40.511971+09
921,1,11,2026-06-15,full,09:00:00,18:00:00,"",2026-07-06 14:59:40.511971+09,2026-07-06 14:59:40.511971+09
922,1,33,2026-06-15,full,09:00:00,18:00:00,"",2026-07-06 14:59:40.511971+09,2026-07-06 14:59:40.511971+09
923,2,16,2026-06-15,full,09:00:00,18:00:00,"",2026-07-06 14:59:40.511971+09,2026-07-06 14:59:40.511971+09
924,2,17,2026-06-15,full,09:00:00,18:00:00,"",2026-07-06 14:59:40.511971+09,2026-07-06 14:59:40.511971+09
925,2,18,2026-06-15,full,09:00:00,18:00:00,"",2026-07-06 14:59:40.511971+09,2026-07-06 14:59:40.511971+09
926,2,19,2026-06-15,full,09:00:00,18:00:00,"",2026-07-06 14:59:40.511971+09,2026-07-06 14:59:40.511971+09
927,2,20,2026-06-15,full,09:00:00,18:00:00,"",2026-07-06 14:59:40.511971+09,2026-07-06 14:59:40.511971+09
928,2,21,2026-06-15,full,09:00:00,18:00:00,"",2026-07-06 14:59:40.511971+09,2026-07-06 14:59:40.511971+09
929,2,22,2026-06-15,full,09:00:00,18:00:00,"",2026-07-06 14:59:40.511971+09,2026-07-06 14:59:40.511971+09
930,2,34,2026-06-15,full,09:00:00,18:00:00,"",2026-07-06 14:59:40.511971+09,2026-07-06 14:59:40.511971+09
931,3,26,2026-06-15,full,09:00:00,18:00:00,"",2026-07-06 14:59:40.511971+09,2026-07-06 14:59:40.511971+09
932,3,27,2026-06-15,full,09:00:00,18:00:00,"",2026-07-06 14:59:40.511971+09,2026-07-06 14:59:40.511971+09
933,3,28,2026-06-15,full,09:00:00,18:00:00,"",2026-07-06 14:59:40.511971+09,2026-07-06 14:59:40.511971+09
934,3,29,2026-06-15,full,09:00:00,18:00:00,"",2026-07-06 14:59:40.511971+09,2026-07-06 14:59:40.511971+09
935,3,30,2026-06-15,full,09:00:00,18:00:00,"",2026-07-06 14:59:40.511971+09,2026-07-06 14:59:40.511971+09
936,3,35,2026-06-15,full,09:00:00,18:00:00,"",2026-07-06 14:59:40.511971+09,2026-07-06 14:59:40.511971+09
937,1,1,2026-06-16,full,09:00:00,18:00:00,予約連動出勤（静的予約補正）,2026-07-06 14:59:40.511971+09,2026-07-06 14:59:40.511971+09
938,1,2,2026-06-16,full,09:00:00,18:00:00,予約連動出勤（静的予約補正）,2026-07-06 14:59:40.511971+09,2026-07-06 14:59:40.511971+09
939,1,3,2026-06-16,full,09:00:00,18:00:00,予約連動出勤（静的予約補正）,2026-07-06 14:59:40.511971+09,2026-07-06 14:59:40.511971+09
940,1,4,2026-06-16,full,09:00:00,18:00:00,予約連動出勤（静的予約補正）,2026-07-06 14:59:40.511971+09,2026-07-06 14:59:40.511971+09
941,1,5,2026-06-16,full,09:00:00,18:00:00,"",2026-07-06 14:59:40.511971+09,2026-07-06 14:59:40.511971+09
942,1,6,2026-06-16,full,09:00:00,18:00:00,"",2026-07-06 14:59:40.511971+09,2026-07-06 14:59:40.511971+09
943,1,7,2026-06-16,full,09:00:00,18:00:00,"",2026-07-06 14:59:40.511971+09,2026-07-06 14:59:40.511971+09
944,1,8,2026-06-16,full,09:00:00,18:00:00,"",2026-07-06 14:59:40.511971+09,2026-07-06 14:59:40.511971+09
945,1,9,2026-06-16,full,09:00:00,18:00:00,"",2026-07-06 14:59:40.511971+09,2026-07-06 14:59:40.511971+09
946,1,10,2026-06-16,full,09:00:00,18:00:00,"",2026-07-06 14:59:40.511971+09,2026-07-06 14:59:40.511971+09
947,1,11,2026-06-16,full,09:00:00,18:00:00,"",2026-07-06 14:59:40.511971+09,2026-07-06 14:59:40.511971+09
948,1,33,2026-06-16,full,09:00:00,18:00:00,"",2026-07-06 14:59:40.511971+09,2026-07-06 14:59:40.511971+09
949,2,16,2026-06-16,full,09:00:00,18:00:00,"",2026-07-06 14:59:40.511971+09,2026-07-06 14:59:40.511971+09
950,2,17,2026-06-16,full,09:00:00,18:00:00,"",2026-07-06 14:59:40.511971+09,2026-07-06 14:59:40.511971+09
951,2,18,2026-06-16,full,09:00:00,18:00:00,"",2026-07-06 14:59:40.511971+09,2026-07-06 14:59:40.511971+09
952,2,19,2026-06-16,full,09:00:00,18:00:00,"",2026-07-06 14:59:40.511971+09,2026-07-06 14:59:40.511971+09
953,2,20,2026-06-16,full,09:00:00,18:00:00,"",2026-07-06 14:59:40.511971+09,2026-07-06 14:59:40.511971+09
954,2,21,2026-06-16,full,09:00:00,18:00:00,"",2026-07-06 14:59:40.511971+09,2026-07-06 14:59:40.511971+09
955,2,22,2026-06-16,full,09:00:00,18:00:00,"",2026-07-06 14:59:40.511971+09,2026-07-06 14:59:40.511971+09
956,2,34,2026-06-16,full,09:00:00,18:00:00,"",2026-07-06 14:59:40.511971+09,2026-07-06 14:59:40.511971+09
957,3,26,2026-06-16,full,09:00:00,18:00:00,"",2026-07-06 14:59:40.511971+09,2026-07-06 14:59:40.511971+09
958,3,27,2026-06-16,full,09:00:00,18:00:00,"",2026-07-06 14:59:40.511971+09,2026-07-06 14:59:40.511971+09
959,3,28,2026-06-16,full,09:00:00,18:00:00,"",2026-07-06 14:59:40.511971+09,2026-07-06 14:59:40.511971+09
960,3,29,2026-06-16,full,09:00:00,18:00:00,"",2026-07-06 14:59:40.511971+09,2026-07-06 14:59:40.511971+09
961,3,30,2026-06-16,full,09:00:00,18:00:00,"",2026-07-06 14:59:40.511971+09,2026-07-06 14:59:40.511971+09
962,3,35,2026-06-16,full,09:00:00,18:00:00,"",2026-07-06 14:59:40.511971+09,2026-07-06 14:59:40.511971+09
963,1,1,2026-06-17,full,09:00:00,18:00:00,予約連動出勤（静的予約補正）,2026-07-06 14:59:40.511971+09,2026-07-06 14:59:40.511971+09
964,1,2,2026-06-17,full,09:00:00,18:00:00,予約連動出勤（静的予約補正）,2026-07-06 14:59:40.511971+09,2026-07-06 14:59:40.511971+09
965,1,3,2026-06-17,full,09:00:00,18:00:00,予約連動出勤（静的予約補正）,2026-07-06 14:59:40.511971+09,2026-07-06 14:59:40.511971+09
966,1,4,2026-06-17,full,09:00:00,18:00:00,予約連動出勤（静的予約補正）,2026-07-06 14:59:40.511971+09,2026-07-06 14:59:40.511971+09
967,1,5,2026-06-17,full,09:00:00,18:00:00,"",2026-07-06 14:59:40.511971+09,2026-07-06 14:59:40.511971+09
968,1,6,2026-06-17,full,09:00:00,18:00:00,"",2026-07-06 14:59:40.511971+09,2026-07-06 14:59:40.511971+09
969,1,7,2026-06-17,full,09:00:00,18:00:00,"",2026-07-06 14:59:40.511971+09,2026-07-06 14:59:40.511971+09
970,1,8,2026-06-17,full,09:00:00,18:00:00,"",2026-07-06 14:59:40.511971+09,2026-07-06 14:59:40.511971+09
971,1,9,2026-06-17,full,09:00:00,18:00:00,"",2026-07-06 14:59:40.511971+09,2026-07-06 14:59:40.511971+09
972,1,10,2026-06-17,full,09:00:00,18:00:00,"",2026-07-06 14:59:40.511971+09,2026-07-06 14:59:40.511971+09
973,1,11,2026-06-17,full,09:00:00,18:00:00,"",2026-07-06 14:59:40.511971+09,2026-07-06 14:59:40.511971+09
974,1,33,2026-06-17,full,09:00:00,18:00:00,"",2026-07-06 14:59:40.511971+09,2026-07-06 14:59:40.511971+09
975,2,16,2026-06-17,full,09:00:00,18:00:00,"",2026-07-06 14:59:40.511971+09,2026-07-06 14:59:40.511971+09
976,2,17,2026-06-17,full,09:00:00,18:00:00,"",2026-07-06 14:59:40.511971+09,2026-07-06 14:59:40.511971+09
977,2,18,2026-06-17,full,09:00:00,18:00:00,"",2026-07-06 14:59:40.511971+09,2026-07-06 14:59:40.511971+09
978,2,19,2026-06-17,full,09:00:00,18:00:00,"",2026-07-06 14:59:40.511971+09,2026-07-06 14:59:40.511971+09
979,2,20,2026-06-17,full,09:00:00,18:00:00,"",2026-07-06 14:59:40.511971+09,2026-07-06 14:59:40.511971+09
980,2,21,2026-06-17,full,09:00:00,18:00:00,"",2026-07-06 14:59:40.511971+09,2026-07-06 14:59:40.511971+09
981,2,22,2026-06-17,full,09:00:00,18:00:00,"",2026-07-06 14:59:40.511971+09,2026-07-06 14:59:40.511971+09
982,2,34,2026-06-17,full,09:00:00,18:00:00,"",2026-07-06 14:59:40.511971+09,2026-07-06 14:59:40.511971+09
983,3,26,2026-06-17,full,09:00:00,18:00:00,"",2026-07-06 14:59:40.511971+09,2026-07-06 14:59:40.511971+09
984,3,27,2026-06-17,full,09:00:00,18:00:00,"",2026-07-06 14:59:40.511971+09,2026-07-06 14:59:40.511971+09
985,3,28,2026-06-17,full,09:00:00,18:00:00,"",2026-07-06 14:59:40.511971+09,2026-07-06 14:59:40.511971+09
986,3,29,2026-06-17,full,09:00:00,18:00:00,"",2026-07-06 14:59:40.511971+09,2026-07-06 14:59:40.511971+09
987,3,30,2026-06-17,full,09:00:00,18:00:00,"",2026-07-06 14:59:40.511971+09,2026-07-06 14:59:40.511971+09
988,3,35,2026-06-17,full,09:00:00,18:00:00,"",2026-07-06 14:59:40.511971+09,2026-07-06 14:59:40.511971+09
989,1,1,2026-06-18,full,09:00:00,18:00:00,予約連動出勤（静的予約補正）,2026-07-06 14:59:40.511971+09,2026-07-06 14:59:40.511971+09
990,1,2,2026-06-18,full,09:00:00,18:00:00,予約連動出勤（静的予約補正）,2026-07-06 14:59:40.511971+09,2026-07-06 14:59:40.511971+09
991,1,3,2026-06-18,full,09:00:00,18:00:00,予約連動出勤（静的予約補正）,2026-07-06 14:59:40.511971+09,2026-07-06 14:59:40.511971+09
992,1,4,2026-06-18,full,09:00:00,18:00:00,予約連動出勤（静的予約補正）,2026-07-06 14:59:40.511971+09,2026-07-06 14:59:40.511971+09
993,1,5,2026-06-18,full,09:00:00,18:00:00,"",2026-07-06 14:59:40.511971+09,2026-07-06 14:59:40.511971+09
994,1,6,2026-06-18,full,09:00:00,18:00:00,"",2026-07-06 14:59:40.511971+09,2026-07-06 14:59:40.511971+09
995,1,7,2026-06-18,full,09:00:00,18:00:00,"",2026-07-06 14:59:40.511971+09,2026-07-06 14:59:40.511971+09
996,1,8,2026-06-18,full,09:00:00,18:00:00,"",2026-07-06 14:59:40.511971+09,2026-07-06 14:59:40.511971+09
997,1,9,2026-06-18,full,09:00:00,18:00:00,"",2026-07-06 14:59:40.511971+09,2026-07-06 14:59:40.511971+09
998,1,10,2026-06-18,full,09:00:00,18:00:00,"",2026-07-06 14:59:40.511971+09,2026-07-06 14:59:40.511971+09
999,1,11,2026-06-18,full,09:00:00,18:00:00,"",2026-07-06 14:59:40.511971+09,2026-07-06 14:59:40.511971+09
1000,1,33,2026-06-18,full,09:00:00,18:00:00,"",2026-07-06 14:59:40.511971+09,2026-07-06 14:59:40.511971+09
1001,2,16,2026-06-18,full,09:00:00,18:00:00,"",2026-07-06 14:59:40.511971+09,2026-07-06 14:59:40.511971+09
1002,2,17,2026-06-18,full,09:00:00,18:00:00,"",2026-07-06 14:59:40.511971+09,2026-07-06 14:59:40.511971+09
1003,2,18,2026-06-18,full,09:00:00,18:00:00,"",2026-07-06 14:59:40.511971+09,2026-07-06 14:59:40.511971+09
1004,2,19,2026-06-18,full,09:00:00,18:00:00,"",2026-07-06 14:59:40.511971+09,2026-07-06 14:59:40.511971+09
1005,2,20,2026-06-18,full,09:00:00,18:00:00,"",2026-07-06 14:59:40.511971+09,2026-07-06 14:59:40.511971+09
1006,2,21,2026-06-18,full,09:00:00,18:00:00,"",2026-07-06 14:59:40.511971+09,2026-07-06 14:59:40.511971+09
1007,2,22,2026-06-18,full,09:00:00,18:00:00,"",2026-07-06 14:59:40.511971+09,2026-07-06 14:59:40.511971+09
1008,2,34,2026-06-18,full,09:00:00,18:00:00,"",2026-07-06 14:59:40.511971+09,2026-07-06 14:59:40.511971+09
1009,3,26,2026-06-18,full,09:00:00,18:00:00,"",2026-07-06 14:59:40.511971+09,2026-07-06 14:59:40.511971+09
1010,3,27,2026-06-18,full,09:00:00,18:00:00,"",2026-07-06 14:59:40.511971+09,2026-07-06 14:59:40.511971+09
1011,3,28,2026-06-18,full,09:00:00,18:00:00,"",2026-07-06 14:59:40.511971+09,2026-07-06 14:59:40.511971+09
1012,3,29,2026-06-18,full,09:00:00,18:00:00,"",2026-07-06 14:59:40.511971+09,2026-07-06 14:59:40.511971+09
1013,3,30,2026-06-18,full,09:00:00,18:00:00,"",2026-07-06 14:59:40.511971+09,2026-07-06 14:59:40.511971+09
1014,3,35,2026-06-18,full,09:00:00,18:00:00,"",2026-07-06 14:59:40.511971+09,2026-07-06 14:59:40.511971+09
1015,1,1,2026-06-19,full,09:00:00,18:00:00,予約連動出勤（静的予約補正）,2026-07-06 14:59:40.511971+09,2026-07-06 14:59:40.511971+09
1016,1,2,2026-06-19,full,09:00:00,18:00:00,予約連動出勤（静的予約補正）,2026-07-06 14:59:40.511971+09,2026-07-06 14:59:40.511971+09
1017,1,3,2026-06-19,full,09:00:00,18:00:00,予約連動出勤（静的予約補正）,2026-07-06 14:59:40.511971+09,2026-07-06 14:59:40.511971+09
1018,1,4,2026-06-19,full,09:00:00,18:00:00,予約連動出勤（静的予約補正）,2026-07-06 14:59:40.511971+09,2026-07-06 14:59:40.511971+09
1019,1,5,2026-06-19,full,09:00:00,18:00:00,"",2026-07-06 14:59:40.511971+09,2026-07-06 14:59:40.511971+09
1020,1,6,2026-06-19,full,09:00:00,18:00:00,"",2026-07-06 14:59:40.511971+09,2026-07-06 14:59:40.511971+09
1021,1,7,2026-06-19,full,09:00:00,18:00:00,"",2026-07-06 14:59:40.511971+09,2026-07-06 14:59:40.511971+09
1022,1,8,2026-06-19,full,09:00:00,18:00:00,"",2026-07-06 14:59:40.511971+09,2026-07-06 14:59:40.511971+09
1023,1,9,2026-06-19,full,09:00:00,18:00:00,"",2026-07-06 14:59:40.511971+09,2026-07-06 14:59:40.511971+09
1024,1,10,2026-06-19,full,09:00:00,18:00:00,"",2026-07-06 14:59:40.511971+09,2026-07-06 14:59:40.511971+09
1025,1,11,2026-06-19,full,09:00:00,18:00:00,"",2026-07-06 14:59:40.511971+09,2026-07-06 14:59:40.511971+09
1026,1,33,2026-06-19,full,09:00:00,18:00:00,"",2026-07-06 14:59:40.511971+09,2026-07-06 14:59:40.511971+09
1027,2,16,2026-06-19,full,09:00:00,18:00:00,"",2026-07-06 14:59:40.511971+09,2026-07-06 14:59:40.511971+09
1028,2,17,2026-06-19,full,09:00:00,18:00:00,"",2026-07-06 14:59:40.511971+09,2026-07-06 14:59:40.511971+09
1029,2,18,2026-06-19,full,09:00:00,18:00:00,"",2026-07-06 14:59:40.511971+09,2026-07-06 14:59:40.511971+09
1030,2,19,2026-06-19,full,09:00:00,18:00:00,"",2026-07-06 14:59:40.511971+09,2026-07-06 14:59:40.511971+09
1031,2,20,2026-06-19,full,09:00:00,18:00:00,"",2026-07-06 14:59:40.511971+09,2026-07-06 14:59:40.511971+09
1032,2,21,2026-06-19,full,09:00:00,18:00:00,"",2026-07-06 14:59:40.511971+09,2026-07-06 14:59:40.511971+09
1033,2,22,2026-06-19,full,09:00:00,18:00:00,"",2026-07-06 14:59:40.511971+09,2026-07-06 14:59:40.511971+09
1034,2,34,2026-06-19,full,09:00:00,18:00:00,"",2026-07-06 14:59:40.511971+09,2026-07-06 14:59:40.511971+09
1035,3,26,2026-06-19,full,09:00:00,18:00:00,"",2026-07-06 14:59:40.511971+09,2026-07-06 14:59:40.511971+09
1036,3,27,2026-06-19,full,09:00:00,18:00:00,"",2026-07-06 14:59:40.511971+09,2026-07-06 14:59:40.511971+09
1037,3,28,2026-06-19,full,09:00:00,18:00:00,"",2026-07-06 14:59:40.511971+09,2026-07-06 14:59:40.511971+09
1038,3,29,2026-06-19,full,09:00:00,18:00:00,"",2026-07-06 14:59:40.511971+09,2026-07-06 14:59:40.511971+09
1039,3,30,2026-06-19,full,09:00:00,18:00:00,"",2026-07-06 14:59:40.511971+09,2026-07-06 14:59:40.511971+09
1040,3,35,2026-06-19,full,09:00:00,18:00:00,"",2026-07-06 14:59:40.511971+09,2026-07-06 14:59:40.511971+09
1041,1,1,2026-06-20,full,09:00:00,18:00:00,予約連動出勤（静的予約補正）,2026-07-06 14:59:40.511971+09,2026-07-06 14:59:40.511971+09
1042,1,2,2026-06-20,full,09:00:00,18:00:00,予約連動出勤（静的予約補正）,2026-07-06 14:59:40.511971+09,2026-07-06 14:59:40.511971+09
1043,1,3,2026-06-20,full,09:00:00,18:00:00,予約連動出勤（静的予約補正）,2026-07-06 14:59:40.511971+09,2026-07-06 14:59:40.511971+09
1044,1,4,2026-06-20,full,09:00:00,18:00:00,予約連動出勤（静的予約補正）,2026-07-06 14:59:40.511971+09,2026-07-06 14:59:40.511971+09
1045,1,5,2026-06-20,morning,09:00:00,13:00:00,"",2026-07-06 14:59:40.511971+09,2026-07-06 14:59:40.511971+09
1046,1,6,2026-06-20,morning,09:00:00,13:00:00,"",2026-07-06 14:59:40.511971+09,2026-07-06 14:59:40.511971+09
1047,1,7,2026-06-20,morning,09:00:00,13:00:00,"",2026-07-06 14:59:40.511971+09,2026-07-06 14:59:40.511971+09
1048,1,8,2026-06-20,morning,09:00:00,13:00:00,"",2026-07-06 14:59:40.511971+09,2026-07-06 14:59:40.511971+09
1049,1,9,2026-06-20,morning,09:00:00,13:00:00,"",2026-07-06 14:59:40.511971+09,2026-07-06 14:59:40.511971+09
1050,1,10,2026-06-20,morning,09:00:00,13:00:00,"",2026-07-06 14:59:40.511971+09,2026-07-06 14:59:40.511971+09
1051,1,11,2026-06-20,morning,09:00:00,13:00:00,"",2026-07-06 14:59:40.511971+09,2026-07-06 14:59:40.511971+09
1052,1,33,2026-06-20,morning,09:00:00,13:00:00,"",2026-07-06 14:59:40.511971+09,2026-07-06 14:59:40.511971+09
1053,2,16,2026-06-20,morning,09:00:00,13:00:00,"",2026-07-06 14:59:40.511971+09,2026-07-06 14:59:40.511971+09
1054,2,17,2026-06-20,morning,09:00:00,13:00:00,"",2026-07-06 14:59:40.511971+09,2026-07-06 14:59:40.511971+09
1055,2,18,2026-06-20,morning,09:00:00,13:00:00,"",2026-07-06 14:59:40.511971+09,2026-07-06 14:59:40.511971+09
1056,2,19,2026-06-20,morning,09:00:00,13:00:00,"",2026-07-06 14:59:40.511971+09,2026-07-06 14:59:40.511971+09
1057,2,20,2026-06-20,morning,09:00:00,13:00:00,"",2026-07-06 14:59:40.511971+09,2026-07-06 14:59:40.511971+09
1058,2,21,2026-06-20,morning,09:00:00,13:00:00,"",2026-07-06 14:59:40.511971+09,2026-07-06 14:59:40.511971+09
1059,2,22,2026-06-20,morning,09:00:00,13:00:00,"",2026-07-06 14:59:40.511971+09,2026-07-06 14:59:40.511971+09
1060,2,34,2026-06-20,morning,09:00:00,13:00:00,"",2026-07-06 14:59:40.511971+09,2026-07-06 14:59:40.511971+09
1061,3,26,2026-06-20,morning,09:00:00,13:00:00,"",2026-07-06 14:59:40.511971+09,2026-07-06 14:59:40.511971+09
1062,3,27,2026-06-20,morning,09:00:00,13:00:00,"",2026-07-06 14:59:40.511971+09,2026-07-06 14:59:40.511971+09
1063,3,28,2026-06-20,morning,09:00:00,13:00:00,"",2026-07-06 14:59:40.511971+09,2026-07-06 14:59:40.511971+09
1064,3,29,2026-06-20,morning,09:00:00,13:00:00,"",2026-07-06 14:59:40.511971+09,2026-07-06 14:59:40.511971+09
1065,3,30,2026-06-20,morning,09:00:00,13:00:00,"",2026-07-06 14:59:40.511971+09,2026-07-06 14:59:40.511971+09
1066,3,35,2026-06-20,morning,09:00:00,13:00:00,"",2026-07-06 14:59:40.511971+09,2026-07-06 14:59:40.511971+09
1067,1,1,2026-06-21,full,09:00:00,18:00:00,予約連動出勤（静的予約補正）,2026-07-06 14:59:40.511971+09,2026-07-06 14:59:40.511971+09
1068,1,2,2026-06-21,full,09:00:00,18:00:00,予約連動出勤（静的予約補正）,2026-07-06 14:59:40.511971+09,2026-07-06 14:59:40.511971+09
1069,1,3,2026-06-21,full,09:00:00,18:00:00,予約連動出勤（静的予約補正）,2026-07-06 14:59:40.511971+09,2026-07-06 14:59:40.511971+09
1070,1,4,2026-06-21,full,09:00:00,18:00:00,予約連動出勤（静的予約補正）,2026-07-06 14:59:40.511971+09,2026-07-06 14:59:40.511971+09
1071,1,5,2026-06-21,off,,,"",2026-07-06 14:59:40.511971+09,2026-07-06 14:59:40.511971+09
1072,1,6,2026-06-21,off,,,"",2026-07-06 14:59:40.511971+09,2026-07-06 14:59:40.511971+09
1073,1,7,2026-06-21,off,,,"",2026-07-06 14:59:40.511971+09,2026-07-06 14:59:40.511971+09
1074,1,8,2026-06-21,off,,,"",2026-07-06 14:59:40.511971+09,2026-07-06 14:59:40.511971+09
1075,1,9,2026-06-21,off,,,"",2026-07-06 14:59:40.511971+09,2026-07-06 14:59:40.511971+09
1076,1,10,2026-06-21,off,,,"",2026-07-06 14:59:40.511971+09,2026-07-06 14:59:40.511971+09
1077,1,11,2026-06-21,off,,,"",2026-07-06 14:59:40.511971+09,2026-07-06 14:59:40.511971+09
1078,1,33,2026-06-21,off,,,"",2026-07-06 14:59:40.511971+09,2026-07-06 14:59:40.511971+09
1079,2,16,2026-06-21,off,,,"",2026-07-06 14:59:40.511971+09,2026-07-06 14:59:40.511971+09
1080,2,17,2026-06-21,off,,,"",2026-07-06 14:59:40.511971+09,2026-07-06 14:59:40.511971+09
1081,2,18,2026-06-21,off,,,"",2026-07-06 14:59:40.511971+09,2026-07-06 14:59:40.511971+09
1082,2,19,2026-06-21,off,,,"",2026-07-06 14:59:40.511971+09,2026-07-06 14:59:40.511971+09
1083,2,20,2026-06-21,off,,,"",2026-07-06 14:59:40.511971+09,2026-07-06 14:59:40.511971+09
1084,2,21,2026-06-21,off,,,"",2026-07-06 14:59:40.511971+09,2026-07-06 14:59:40.511971+09
1085,2,22,2026-06-21,off,,,"",2026-07-06 14:59:40.511971+09,2026-07-06 14:59:40.511971+09
1086,2,34,2026-06-21,off,,,"",2026-07-06 14:59:40.511971+09,2026-07-06 14:59:40.511971+09
1087,3,26,2026-06-21,off,,,"",2026-07-06 14:59:40.511971+09,2026-07-06 14:59:40.511971+09
1088,3,27,2026-06-21,off,,,"",2026-07-06 14:59:40.511971+09,2026-07-06 14:59:40.511971+09
1089,3,28,2026-06-21,off,,,"",2026-07-06 14:59:40.511971+09,2026-07-06 14:59:40.511971+09
1090,3,29,2026-06-21,off,,,"",2026-07-06 14:59:40.511971+09,2026-07-06 14:59:40.511971+09
1091,3,30,2026-06-21,off,,,"",2026-07-06 14:59:40.511971+09,2026-07-06 14:59:40.511971+09
1092,3,35,2026-06-21,off,,,"",2026-07-06 14:59:40.511971+09,2026-07-06 14:59:40.511971+09
1093,1,1,2026-06-22,full,09:00:00,18:00:00,予約連動出勤（静的予約補正）,2026-07-06 14:59:40.511971+09,2026-07-06 14:59:40.511971+09
1094,1,2,2026-06-22,full,09:00:00,18:00:00,予約連動出勤（静的予約補正）,2026-07-06 14:59:40.511971+09,2026-07-06 14:59:40.511971+09
1095,1,3,2026-06-22,full,09:00:00,18:00:00,予約連動出勤（静的予約補正）,2026-07-06 14:59:40.511971+09,2026-07-06 14:59:40.511971+09
1096,1,4,2026-06-22,full,09:00:00,18:00:00,予約連動出勤（静的予約補正）,2026-07-06 14:59:40.511971+09,2026-07-06 14:59:40.511971+09
1097,1,5,2026-06-22,full,09:00:00,18:00:00,"",2026-07-06 14:59:40.511971+09,2026-07-06 14:59:40.511971+09
1098,1,6,2026-06-22,full,09:00:00,18:00:00,"",2026-07-06 14:59:40.511971+09,2026-07-06 14:59:40.511971+09
1099,1,7,2026-06-22,full,09:00:00,18:00:00,"",2026-07-06 14:59:40.511971+09,2026-07-06 14:59:40.511971+09
1100,1,8,2026-06-22,full,09:00:00,18:00:00,"",2026-07-06 14:59:40.511971+09,2026-07-06 14:59:40.511971+09
1101,1,9,2026-06-22,full,09:00:00,18:00:00,"",2026-07-06 14:59:40.511971+09,2026-07-06 14:59:40.511971+09
1102,1,10,2026-06-22,full,09:00:00,18:00:00,"",2026-07-06 14:59:40.511971+09,2026-07-06 14:59:40.511971+09
1103,1,11,2026-06-22,full,09:00:00,18:00:00,"",2026-07-06 14:59:40.511971+09,2026-07-06 14:59:40.511971+09
1104,1,33,2026-06-22,full,09:00:00,18:00:00,"",2026-07-06 14:59:40.511971+09,2026-07-06 14:59:40.511971+09
1105,2,16,2026-06-22,full,09:00:00,18:00:00,"",2026-07-06 14:59:40.511971+09,2026-07-06 14:59:40.511971+09
1106,2,17,2026-06-22,full,09:00:00,18:00:00,"",2026-07-06 14:59:40.511971+09,2026-07-06 14:59:40.511971+09
1107,2,18,2026-06-22,full,09:00:00,18:00:00,"",2026-07-06 14:59:40.511971+09,2026-07-06 14:59:40.511971+09
1108,2,19,2026-06-22,full,09:00:00,18:00:00,"",2026-07-06 14:59:40.511971+09,2026-07-06 14:59:40.511971+09
1109,2,20,2026-06-22,full,09:00:00,18:00:00,"",2026-07-06 14:59:40.511971+09,2026-07-06 14:59:40.511971+09
1110,2,21,2026-06-22,full,09:00:00,18:00:00,"",2026-07-06 14:59:40.511971+09,2026-07-06 14:59:40.511971+09
1111,2,22,2026-06-22,full,09:00:00,18:00:00,"",2026-07-06 14:59:40.511971+09,2026-07-06 14:59:40.511971+09
1112,2,34,2026-06-22,full,09:00:00,18:00:00,"",2026-07-06 14:59:40.511971+09,2026-07-06 14:59:40.511971+09
1113,3,26,2026-06-22,full,09:00:00,18:00:00,"",2026-07-06 14:59:40.511971+09,2026-07-06 14:59:40.511971+09
1114,3,27,2026-06-22,full,09:00:00,18:00:00,"",2026-07-06 14:59:40.511971+09,2026-07-06 14:59:40.511971+09
1115,3,28,2026-06-22,full,09:00:00,18:00:00,"",2026-07-06 14:59:40.511971+09,2026-07-06 14:59:40.511971+09
1116,3,29,2026-06-22,full,09:00:00,18:00:00,"",2026-07-06 14:59:40.511971+09,2026-07-06 14:59:40.511971+09
1117,3,30,2026-06-22,full,09:00:00,18:00:00,"",2026-07-06 14:59:40.511971+09,2026-07-06 14:59:40.511971+09
1118,3,35,2026-06-22,full,09:00:00,18:00:00,"",2026-07-06 14:59:40.511971+09,2026-07-06 14:59:40.511971+09
1119,1,1,2026-06-23,full,09:00:00,18:00:00,予約連動出勤（静的予約補正）,2026-07-06 14:59:40.511971+09,2026-07-06 14:59:40.511971+09
1120,1,2,2026-06-23,full,09:00:00,18:00:00,予約連動出勤（静的予約補正）,2026-07-06 14:59:40.511971+09,2026-07-06 14:59:40.511971+09
1121,1,3,2026-06-23,full,09:00:00,18:00:00,予約連動出勤（静的予約補正）,2026-07-06 14:59:40.511971+09,2026-07-06 14:59:40.511971+09
1122,1,4,2026-06-23,full,09:00:00,18:00:00,予約連動出勤（静的予約補正）,2026-07-06 14:59:40.511971+09,2026-07-06 14:59:40.511971+09
1123,1,5,2026-06-23,full,09:00:00,18:00:00,"",2026-07-06 14:59:40.511971+09,2026-07-06 14:59:40.511971+09
1124,1,6,2026-06-23,full,09:00:00,18:00:00,"",2026-07-06 14:59:40.511971+09,2026-07-06 14:59:40.511971+09
1125,1,7,2026-06-23,full,09:00:00,18:00:00,"",2026-07-06 14:59:40.511971+09,2026-07-06 14:59:40.511971+09
1126,1,8,2026-06-23,full,09:00:00,18:00:00,"",2026-07-06 14:59:40.511971+09,2026-07-06 14:59:40.511971+09
1127,1,9,2026-06-23,full,09:00:00,18:00:00,"",2026-07-06 14:59:40.511971+09,2026-07-06 14:59:40.511971+09
1128,1,10,2026-06-23,full,09:00:00,18:00:00,"",2026-07-06 14:59:40.511971+09,2026-07-06 14:59:40.511971+09
1129,1,11,2026-06-23,full,09:00:00,18:00:00,"",2026-07-06 14:59:40.511971+09,2026-07-06 14:59:40.511971+09
1130,1,33,2026-06-23,full,09:00:00,18:00:00,"",2026-07-06 14:59:40.511971+09,2026-07-06 14:59:40.511971+09
1131,2,16,2026-06-23,full,09:00:00,18:00:00,"",2026-07-06 14:59:40.511971+09,2026-07-06 14:59:40.511971+09
1132,2,17,2026-06-23,full,09:00:00,18:00:00,"",2026-07-06 14:59:40.511971+09,2026-07-06 14:59:40.511971+09
1133,2,18,2026-06-23,full,09:00:00,18:00:00,"",2026-07-06 14:59:40.511971+09,2026-07-06 14:59:40.511971+09
1134,2,19,2026-06-23,full,09:00:00,18:00:00,"",2026-07-06 14:59:40.511971+09,2026-07-06 14:59:40.511971+09
1135,2,20,2026-06-23,full,09:00:00,18:00:00,"",2026-07-06 14:59:40.511971+09,2026-07-06 14:59:40.511971+09
1136,2,21,2026-06-23,full,09:00:00,18:00:00,"",2026-07-06 14:59:40.511971+09,2026-07-06 14:59:40.511971+09
1137,2,22,2026-06-23,full,09:00:00,18:00:00,"",2026-07-06 14:59:40.511971+09,2026-07-06 14:59:40.511971+09
1138,2,34,2026-06-23,full,09:00:00,18:00:00,"",2026-07-06 14:59:40.511971+09,2026-07-06 14:59:40.511971+09
1139,3,26,2026-06-23,full,09:00:00,18:00:00,"",2026-07-06 14:59:40.511971+09,2026-07-06 14:59:40.511971+09
1140,3,27,2026-06-23,full,09:00:00,18:00:00,"",2026-07-06 14:59:40.511971+09,2026-07-06 14:59:40.511971+09
1141,3,28,2026-06-23,full,09:00:00,18:00:00,"",2026-07-06 14:59:40.511971+09,2026-07-06 14:59:40.511971+09
1142,3,29,2026-06-23,full,09:00:00,18:00:00,"",2026-07-06 14:59:40.511971+09,2026-07-06 14:59:40.511971+09
1143,3,30,2026-06-23,full,09:00:00,18:00:00,"",2026-07-06 14:59:40.511971+09,2026-07-06 14:59:40.511971+09
1144,3,35,2026-06-23,full,09:00:00,18:00:00,"",2026-07-06 14:59:40.511971+09,2026-07-06 14:59:40.511971+09
1145,1,1,2026-06-24,full,09:00:00,18:00:00,予約連動出勤（静的予約補正）,2026-07-06 14:59:40.511971+09,2026-07-06 14:59:40.511971+09
1146,1,2,2026-06-24,full,09:00:00,18:00:00,予約連動出勤（静的予約補正）,2026-07-06 14:59:40.511971+09,2026-07-06 14:59:40.511971+09
1147,1,3,2026-06-24,full,09:00:00,18:00:00,予約連動出勤（静的予約補正）,2026-07-06 14:59:40.511971+09,2026-07-06 14:59:40.511971+09
1148,1,4,2026-06-24,full,09:00:00,18:00:00,予約連動出勤（静的予約補正）,2026-07-06 14:59:40.511971+09,2026-07-06 14:59:40.511971+09
1149,1,5,2026-06-24,full,09:00:00,18:00:00,"",2026-07-06 14:59:40.511971+09,2026-07-06 14:59:40.511971+09
1150,1,6,2026-06-24,full,09:00:00,18:00:00,"",2026-07-06 14:59:40.511971+09,2026-07-06 14:59:40.511971+09
1151,1,7,2026-06-24,full,09:00:00,18:00:00,"",2026-07-06 14:59:40.511971+09,2026-07-06 14:59:40.511971+09
1152,1,8,2026-06-24,full,09:00:00,18:00:00,"",2026-07-06 14:59:40.511971+09,2026-07-06 14:59:40.511971+09
1153,1,9,2026-06-24,full,09:00:00,18:00:00,"",2026-07-06 14:59:40.511971+09,2026-07-06 14:59:40.511971+09
1154,1,10,2026-06-24,full,09:00:00,18:00:00,"",2026-07-06 14:59:40.511971+09,2026-07-06 14:59:40.511971+09
1155,1,11,2026-06-24,full,09:00:00,18:00:00,"",2026-07-06 14:59:40.511971+09,2026-07-06 14:59:40.511971+09
1156,1,33,2026-06-24,full,09:00:00,18:00:00,"",2026-07-06 14:59:40.511971+09,2026-07-06 14:59:40.511971+09
1157,2,16,2026-06-24,full,09:00:00,18:00:00,"",2026-07-06 14:59:40.511971+09,2026-07-06 14:59:40.511971+09
1158,2,17,2026-06-24,full,09:00:00,18:00:00,"",2026-07-06 14:59:40.511971+09,2026-07-06 14:59:40.511971+09
1159,2,18,2026-06-24,full,09:00:00,18:00:00,"",2026-07-06 14:59:40.511971+09,2026-07-06 14:59:40.511971+09
1160,2,19,2026-06-24,full,09:00:00,18:00:00,"",2026-07-06 14:59:40.511971+09,2026-07-06 14:59:40.511971+09
1161,2,20,2026-06-24,full,09:00:00,18:00:00,"",2026-07-06 14:59:40.511971+09,2026-07-06 14:59:40.511971+09
1162,2,21,2026-06-24,full,09:00:00,18:00:00,"",2026-07-06 14:59:40.511971+09,2026-07-06 14:59:40.511971+09
1163,2,22,2026-06-24,full,09:00:00,18:00:00,"",2026-07-06 14:59:40.511971+09,2026-07-06 14:59:40.511971+09
1164,2,34,2026-06-24,full,09:00:00,18:00:00,"",2026-07-06 14:59:40.511971+09,2026-07-06 14:59:40.511971+09
1165,3,26,2026-06-24,full,09:00:00,18:00:00,"",2026-07-06 14:59:40.511971+09,2026-07-06 14:59:40.511971+09
1166,3,27,2026-06-24,full,09:00:00,18:00:00,"",2026-07-06 14:59:40.511971+09,2026-07-06 14:59:40.511971+09
1167,3,28,2026-06-24,full,09:00:00,18:00:00,"",2026-07-06 14:59:40.511971+09,2026-07-06 14:59:40.511971+09
1168,3,29,2026-06-24,full,09:00:00,18:00:00,"",2026-07-06 14:59:40.511971+09,2026-07-06 14:59:40.511971+09
1169,3,30,2026-06-24,full,09:00:00,18:00:00,"",2026-07-06 14:59:40.511971+09,2026-07-06 14:59:40.511971+09
1170,3,35,2026-06-24,full,09:00:00,18:00:00,"",2026-07-06 14:59:40.511971+09,2026-07-06 14:59:40.511971+09
1171,1,1,2026-06-25,full,09:00:00,18:00:00,予約連動出勤（静的予約補正）,2026-07-06 14:59:40.511971+09,2026-07-06 14:59:40.511971+09
1172,1,2,2026-06-25,full,09:00:00,18:00:00,予約連動出勤（静的予約補正）,2026-07-06 14:59:40.511971+09,2026-07-06 14:59:40.511971+09
1173,1,3,2026-06-25,full,09:00:00,18:00:00,予約連動出勤（静的予約補正）,2026-07-06 14:59:40.511971+09,2026-07-06 14:59:40.511971+09
1174,1,4,2026-06-25,full,09:00:00,18:00:00,予約連動出勤（静的予約補正）,2026-07-06 14:59:40.511971+09,2026-07-06 14:59:40.511971+09
1175,1,5,2026-06-25,full,09:00:00,18:00:00,"",2026-07-06 14:59:40.511971+09,2026-07-06 14:59:40.511971+09
1176,1,6,2026-06-25,full,09:00:00,18:00:00,"",2026-07-06 14:59:40.511971+09,2026-07-06 14:59:40.511971+09
1177,1,7,2026-06-25,full,09:00:00,18:00:00,"",2026-07-06 14:59:40.511971+09,2026-07-06 14:59:40.511971+09
1178,1,8,2026-06-25,full,09:00:00,18:00:00,"",2026-07-06 14:59:40.511971+09,2026-07-06 14:59:40.511971+09
1179,1,9,2026-06-25,full,09:00:00,18:00:00,"",2026-07-06 14:59:40.511971+09,2026-07-06 14:59:40.511971+09
1180,1,10,2026-06-25,full,09:00:00,18:00:00,"",2026-07-06 14:59:40.511971+09,2026-07-06 14:59:40.511971+09
1181,1,11,2026-06-25,full,09:00:00,18:00:00,"",2026-07-06 14:59:40.511971+09,2026-07-06 14:59:40.511971+09
1182,1,33,2026-06-25,full,09:00:00,18:00:00,"",2026-07-06 14:59:40.511971+09,2026-07-06 14:59:40.511971+09
1183,2,16,2026-06-25,full,09:00:00,18:00:00,"",2026-07-06 14:59:40.511971+09,2026-07-06 14:59:40.511971+09
1184,2,17,2026-06-25,full,09:00:00,18:00:00,"",2026-07-06 14:59:40.511971+09,2026-07-06 14:59:40.511971+09
1185,2,18,2026-06-25,full,09:00:00,18:00:00,"",2026-07-06 14:59:40.511971+09,2026-07-06 14:59:40.511971+09
1186,2,19,2026-06-25,full,09:00:00,18:00:00,"",2026-07-06 14:59:40.511971+09,2026-07-06 14:59:40.511971+09
1187,2,20,2026-06-25,full,09:00:00,18:00:00,"",2026-07-06 14:59:40.511971+09,2026-07-06 14:59:40.511971+09
1188,2,21,2026-06-25,full,09:00:00,18:00:00,"",2026-07-06 14:59:40.511971+09,2026-07-06 14:59:40.511971+09
1189,2,22,2026-06-25,full,09:00:00,18:00:00,"",2026-07-06 14:59:40.511971+09,2026-07-06 14:59:40.511971+09
1190,2,34,2026-06-25,full,09:00:00,18:00:00,"",2026-07-06 14:59:40.511971+09,2026-07-06 14:59:40.511971+09
1191,3,26,2026-06-25,full,09:00:00,18:00:00,"",2026-07-06 14:59:40.511971+09,2026-07-06 14:59:40.511971+09
1192,3,27,2026-06-25,full,09:00:00,18:00:00,"",2026-07-06 14:59:40.511971+09,2026-07-06 14:59:40.511971+09
1193,3,28,2026-06-25,full,09:00:00,18:00:00,"",2026-07-06 14:59:40.511971+09,2026-07-06 14:59:40.511971+09
1194,3,29,2026-06-25,full,09:00:00,18:00:00,"",2026-07-06 14:59:40.511971+09,2026-07-06 14:59:40.511971+09
1195,3,30,2026-06-25,full,09:00:00,18:00:00,"",2026-07-06 14:59:40.511971+09,2026-07-06 14:59:40.511971+09
1196,3,35,2026-06-25,full,09:00:00,18:00:00,"",2026-07-06 14:59:40.511971+09,2026-07-06 14:59:40.511971+09
1197,1,1,2026-06-26,full,09:00:00,18:00:00,予約連動出勤（静的予約補正）,2026-07-06 14:59:40.511971+09,2026-07-06 14:59:40.511971+09
1198,1,2,2026-06-26,full,09:00:00,18:00:00,予約連動出勤（静的予約補正）,2026-07-06 14:59:40.511971+09,2026-07-06 14:59:40.511971+09
1199,1,3,2026-06-26,full,09:00:00,18:00:00,予約連動出勤（静的予約補正）,2026-07-06 14:59:40.511971+09,2026-07-06 14:59:40.511971+09
1200,1,4,2026-06-26,full,09:00:00,18:00:00,予約連動出勤（静的予約補正）,2026-07-06 14:59:40.511971+09,2026-07-06 14:59:40.511971+09
1201,1,5,2026-06-26,full,09:00:00,18:00:00,"",2026-07-06 14:59:40.511971+09,2026-07-06 14:59:40.511971+09
1202,1,6,2026-06-26,full,09:00:00,18:00:00,"",2026-07-06 14:59:40.511971+09,2026-07-06 14:59:40.511971+09
1203,1,7,2026-06-26,full,09:00:00,18:00:00,"",2026-07-06 14:59:40.511971+09,2026-07-06 14:59:40.511971+09
1204,1,8,2026-06-26,full,09:00:00,18:00:00,"",2026-07-06 14:59:40.511971+09,2026-07-06 14:59:40.511971+09
1205,1,9,2026-06-26,full,09:00:00,18:00:00,"",2026-07-06 14:59:40.511971+09,2026-07-06 14:59:40.511971+09
1206,1,10,2026-06-26,full,09:00:00,18:00:00,"",2026-07-06 14:59:40.511971+09,2026-07-06 14:59:40.511971+09
1207,1,11,2026-06-26,full,09:00:00,18:00:00,"",2026-07-06 14:59:40.511971+09,2026-07-06 14:59:40.511971+09
1208,1,33,2026-06-26,full,09:00:00,18:00:00,"",2026-07-06 14:59:40.511971+09,2026-07-06 14:59:40.511971+09
1209,2,16,2026-06-26,full,09:00:00,18:00:00,"",2026-07-06 14:59:40.511971+09,2026-07-06 14:59:40.511971+09
1210,2,17,2026-06-26,full,09:00:00,18:00:00,"",2026-07-06 14:59:40.511971+09,2026-07-06 14:59:40.511971+09
1211,2,18,2026-06-26,full,09:00:00,18:00:00,"",2026-07-06 14:59:40.511971+09,2026-07-06 14:59:40.511971+09
1212,2,19,2026-06-26,full,09:00:00,18:00:00,"",2026-07-06 14:59:40.511971+09,2026-07-06 14:59:40.511971+09
1213,2,20,2026-06-26,full,09:00:00,18:00:00,"",2026-07-06 14:59:40.511971+09,2026-07-06 14:59:40.511971+09
1214,2,21,2026-06-26,full,09:00:00,18:00:00,"",2026-07-06 14:59:40.511971+09,2026-07-06 14:59:40.511971+09
1215,2,22,2026-06-26,full,09:00:00,18:00:00,"",2026-07-06 14:59:40.511971+09,2026-07-06 14:59:40.511971+09
1216,2,34,2026-06-26,full,09:00:00,18:00:00,"",2026-07-06 14:59:40.511971+09,2026-07-06 14:59:40.511971+09
1217,3,26,2026-06-26,full,09:00:00,18:00:00,"",2026-07-06 14:59:40.511971+09,2026-07-06 14:59:40.511971+09
1218,3,27,2026-06-26,full,09:00:00,18:00:00,"",2026-07-06 14:59:40.511971+09,2026-07-06 14:59:40.511971+09
1219,3,28,2026-06-26,full,09:00:00,18:00:00,"",2026-07-06 14:59:40.511971+09,2026-07-06 14:59:40.511971+09
1220,3,29,2026-06-26,full,09:00:00,18:00:00,"",2026-07-06 14:59:40.511971+09,2026-07-06 14:59:40.511971+09
1221,3,30,2026-06-26,full,09:00:00,18:00:00,"",2026-07-06 14:59:40.511971+09,2026-07-06 14:59:40.511971+09
1222,3,35,2026-06-26,full,09:00:00,18:00:00,"",2026-07-06 14:59:40.511971+09,2026-07-06 14:59:40.511971+09
1223,1,1,2026-06-27,full,09:00:00,18:00:00,予約連動出勤（静的予約補正）,2026-07-06 14:59:40.511971+09,2026-07-06 14:59:40.511971+09
1224,1,2,2026-06-27,full,09:00:00,18:00:00,予約連動出勤（静的予約補正）,2026-07-06 14:59:40.511971+09,2026-07-06 14:59:40.511971+09
1225,1,3,2026-06-27,full,09:00:00,18:00:00,予約連動出勤（静的予約補正）,2026-07-06 14:59:40.511971+09,2026-07-06 14:59:40.511971+09
1226,1,4,2026-06-27,full,09:00:00,18:00:00,予約連動出勤（静的予約補正）,2026-07-06 14:59:40.511971+09,2026-07-06 14:59:40.511971+09
1227,1,5,2026-06-27,morning,09:00:00,13:00:00,"",2026-07-06 14:59:40.511971+09,2026-07-06 14:59:40.511971+09
1228,1,6,2026-06-27,morning,09:00:00,13:00:00,"",2026-07-06 14:59:40.511971+09,2026-07-06 14:59:40.511971+09
1229,1,7,2026-06-27,morning,09:00:00,13:00:00,"",2026-07-06 14:59:40.511971+09,2026-07-06 14:59:40.511971+09
1230,1,8,2026-06-27,morning,09:00:00,13:00:00,"",2026-07-06 14:59:40.511971+09,2026-07-06 14:59:40.511971+09
1231,1,9,2026-06-27,morning,09:00:00,13:00:00,"",2026-07-06 14:59:40.511971+09,2026-07-06 14:59:40.511971+09
1232,1,10,2026-06-27,morning,09:00:00,13:00:00,"",2026-07-06 14:59:40.511971+09,2026-07-06 14:59:40.511971+09
1233,1,11,2026-06-27,morning,09:00:00,13:00:00,"",2026-07-06 14:59:40.511971+09,2026-07-06 14:59:40.511971+09
1234,1,33,2026-06-27,morning,09:00:00,13:00:00,"",2026-07-06 14:59:40.511971+09,2026-07-06 14:59:40.511971+09
1235,2,16,2026-06-27,morning,09:00:00,13:00:00,"",2026-07-06 14:59:40.511971+09,2026-07-06 14:59:40.511971+09
1236,2,17,2026-06-27,morning,09:00:00,13:00:00,"",2026-07-06 14:59:40.511971+09,2026-07-06 14:59:40.511971+09
1237,2,18,2026-06-27,morning,09:00:00,13:00:00,"",2026-07-06 14:59:40.511971+09,2026-07-06 14:59:40.511971+09
1238,2,19,2026-06-27,morning,09:00:00,13:00:00,"",2026-07-06 14:59:40.511971+09,2026-07-06 14:59:40.511971+09
1239,2,20,2026-06-27,morning,09:00:00,13:00:00,"",2026-07-06 14:59:40.511971+09,2026-07-06 14:59:40.511971+09
1240,2,21,2026-06-27,morning,09:00:00,13:00:00,"",2026-07-06 14:59:40.511971+09,2026-07-06 14:59:40.511971+09
1241,2,22,2026-06-27,morning,09:00:00,13:00:00,"",2026-07-06 14:59:40.511971+09,2026-07-06 14:59:40.511971+09
1242,2,34,2026-06-27,morning,09:00:00,13:00:00,"",2026-07-06 14:59:40.511971+09,2026-07-06 14:59:40.511971+09
1243,3,26,2026-06-27,morning,09:00:00,13:00:00,"",2026-07-06 14:59:40.511971+09,2026-07-06 14:59:40.511971+09
1244,3,27,2026-06-27,morning,09:00:00,13:00:00,"",2026-07-06 14:59:40.511971+09,2026-07-06 14:59:40.511971+09
1245,3,28,2026-06-27,morning,09:00:00,13:00:00,"",2026-07-06 14:59:40.511971+09,2026-07-06 14:59:40.511971+09
1246,3,29,2026-06-27,morning,09:00:00,13:00:00,"",2026-07-06 14:59:40.511971+09,2026-07-06 14:59:40.511971+09
1247,3,30,2026-06-27,morning,09:00:00,13:00:00,"",2026-07-06 14:59:40.511971+09,2026-07-06 14:59:40.511971+09
1248,3,35,2026-06-27,morning,09:00:00,13:00:00,"",2026-07-06 14:59:40.511971+09,2026-07-06 14:59:40.511971+09
1249,1,1,2026-06-28,full,09:00:00,18:00:00,予約連動出勤（静的予約補正）,2026-07-06 14:59:40.511971+09,2026-07-06 14:59:40.511971+09
1250,1,2,2026-06-28,full,09:00:00,18:00:00,予約連動出勤（静的予約補正）,2026-07-06 14:59:40.511971+09,2026-07-06 14:59:40.511971+09
1251,1,3,2026-06-28,full,09:00:00,18:00:00,予約連動出勤（静的予約補正）,2026-07-06 14:59:40.511971+09,2026-07-06 14:59:40.511971+09
1252,1,4,2026-06-28,full,09:00:00,18:00:00,予約連動出勤（静的予約補正）,2026-07-06 14:59:40.511971+09,2026-07-06 14:59:40.511971+09
1253,1,5,2026-06-28,off,,,"",2026-07-06 14:59:40.511971+09,2026-07-06 14:59:40.511971+09
1254,1,6,2026-06-28,off,,,"",2026-07-06 14:59:40.511971+09,2026-07-06 14:59:40.511971+09
1255,1,7,2026-06-28,off,,,"",2026-07-06 14:59:40.511971+09,2026-07-06 14:59:40.511971+09
1256,1,8,2026-06-28,off,,,"",2026-07-06 14:59:40.511971+09,2026-07-06 14:59:40.511971+09
1257,1,9,2026-06-28,off,,,"",2026-07-06 14:59:40.511971+09,2026-07-06 14:59:40.511971+09
1258,1,10,2026-06-28,off,,,"",2026-07-06 14:59:40.511971+09,2026-07-06 14:59:40.511971+09
1259,1,11,2026-06-28,off,,,"",2026-07-06 14:59:40.511971+09,2026-07-06 14:59:40.511971+09
1260,1,33,2026-06-28,off,,,"",2026-07-06 14:59:40.511971+09,2026-07-06 14:59:40.511971+09
1261,2,16,2026-06-28,off,,,"",2026-07-06 14:59:40.511971+09,2026-07-06 14:59:40.511971+09
1262,2,17,2026-06-28,off,,,"",2026-07-06 14:59:40.511971+09,2026-07-06 14:59:40.511971+09
1263,2,18,2026-06-28,off,,,"",2026-07-06 14:59:40.511971+09,2026-07-06 14:59:40.511971+09
1264,2,19,2026-06-28,off,,,"",2026-07-06 14:59:40.511971+09,2026-07-06 14:59:40.511971+09
1265,2,20,2026-06-28,off,,,"",2026-07-06 14:59:40.511971+09,2026-07-06 14:59:40.511971+09
1266,2,21,2026-06-28,off,,,"",2026-07-06 14:59:40.511971+09,2026-07-06 14:59:40.511971+09
1267,2,22,2026-06-28,off,,,"",2026-07-06 14:59:40.511971+09,2026-07-06 14:59:40.511971+09
1268,2,34,2026-06-28,off,,,"",2026-07-06 14:59:40.511971+09,2026-07-06 14:59:40.511971+09
1269,3,26,2026-06-28,off,,,"",2026-07-06 14:59:40.511971+09,2026-07-06 14:59:40.511971+09
1270,3,27,2026-06-28,off,,,"",2026-07-06 14:59:40.511971+09,2026-07-06 14:59:40.511971+09
1271,3,28,2026-06-28,off,,,"",2026-07-06 14:59:40.511971+09,2026-07-06 14:59:40.511971+09
1272,3,29,2026-06-28,off,,,"",2026-07-06 14:59:40.511971+09,2026-07-06 14:59:40.511971+09
1273,3,30,2026-06-28,off,,,"",2026-07-06 14:59:40.511971+09,2026-07-06 14:59:40.511971+09
1274,3,35,2026-06-28,off,,,"",2026-07-06 14:59:40.511971+09,2026-07-06 14:59:40.511971+09
1275,1,1,2026-06-29,full,09:00:00,18:00:00,予約連動出勤（静的予約補正）,2026-07-06 14:59:40.511971+09,2026-07-06 14:59:40.511971+09
1276,1,2,2026-06-29,full,09:00:00,18:00:00,予約連動出勤（静的予約補正）,2026-07-06 14:59:40.511971+09,2026-07-06 14:59:40.511971+09
1277,1,3,2026-06-29,full,09:00:00,18:00:00,予約連動出勤（静的予約補正）,2026-07-06 14:59:40.511971+09,2026-07-06 14:59:40.511971+09
1278,1,4,2026-06-29,full,09:00:00,18:00:00,予約連動出勤（静的予約補正）,2026-07-06 14:59:40.511971+09,2026-07-06 14:59:40.511971+09
1279,1,5,2026-06-29,full,09:00:00,18:00:00,"",2026-07-06 14:59:40.511971+09,2026-07-06 14:59:40.511971+09
1280,1,6,2026-06-29,full,09:00:00,18:00:00,"",2026-07-06 14:59:40.511971+09,2026-07-06 14:59:40.511971+09
1281,1,7,2026-06-29,full,09:00:00,18:00:00,"",2026-07-06 14:59:40.511971+09,2026-07-06 14:59:40.511971+09
1282,1,8,2026-06-29,full,09:00:00,18:00:00,"",2026-07-06 14:59:40.511971+09,2026-07-06 14:59:40.511971+09
1283,1,9,2026-06-29,full,09:00:00,18:00:00,"",2026-07-06 14:59:40.511971+09,2026-07-06 14:59:40.511971+09
1284,1,10,2026-06-29,full,09:00:00,18:00:00,"",2026-07-06 14:59:40.511971+09,2026-07-06 14:59:40.511971+09
1285,1,11,2026-06-29,full,09:00:00,18:00:00,"",2026-07-06 14:59:40.511971+09,2026-07-06 14:59:40.511971+09
1286,1,33,2026-06-29,full,09:00:00,18:00:00,"",2026-07-06 14:59:40.511971+09,2026-07-06 14:59:40.511971+09
1287,2,16,2026-06-29,full,09:00:00,18:00:00,"",2026-07-06 14:59:40.511971+09,2026-07-06 14:59:40.511971+09
1288,2,17,2026-06-29,full,09:00:00,18:00:00,"",2026-07-06 14:59:40.511971+09,2026-07-06 14:59:40.511971+09
1289,2,18,2026-06-29,full,09:00:00,18:00:00,"",2026-07-06 14:59:40.511971+09,2026-07-06 14:59:40.511971+09
1290,2,19,2026-06-29,full,09:00:00,18:00:00,"",2026-07-06 14:59:40.511971+09,2026-07-06 14:59:40.511971+09
1291,2,20,2026-06-29,full,09:00:00,18:00:00,"",2026-07-06 14:59:40.511971+09,2026-07-06 14:59:40.511971+09
1292,2,21,2026-06-29,full,09:00:00,18:00:00,"",2026-07-06 14:59:40.511971+09,2026-07-06 14:59:40.511971+09
1293,2,22,2026-06-29,full,09:00:00,18:00:00,"",2026-07-06 14:59:40.511971+09,2026-07-06 14:59:40.511971+09
1294,2,34,2026-06-29,full,09:00:00,18:00:00,"",2026-07-06 14:59:40.511971+09,2026-07-06 14:59:40.511971+09
1295,3,26,2026-06-29,full,09:00:00,18:00:00,"",2026-07-06 14:59:40.511971+09,2026-07-06 14:59:40.511971+09
1296,3,27,2026-06-29,full,09:00:00,18:00:00,"",2026-07-06 14:59:40.511971+09,2026-07-06 14:59:40.511971+09
1297,3,28,2026-06-29,full,09:00:00,18:00:00,"",2026-07-06 14:59:40.511971+09,2026-07-06 14:59:40.511971+09
1298,3,29,2026-06-29,full,09:00:00,18:00:00,"",2026-07-06 14:59:40.511971+09,2026-07-06 14:59:40.511971+09
1299,3,30,2026-06-29,full,09:00:00,18:00:00,"",2026-07-06 14:59:40.511971+09,2026-07-06 14:59:40.511971+09
1300,3,35,2026-06-29,full,09:00:00,18:00:00,"",2026-07-06 14:59:40.511971+09,2026-07-06 14:59:40.511971+09
1301,1,1,2026-06-30,full,09:00:00,18:00:00,予約連動出勤（静的予約補正）,2026-07-06 14:59:40.511971+09,2026-07-06 14:59:40.511971+09
1302,1,2,2026-06-30,full,09:00:00,18:00:00,予約連動出勤（静的予約補正）,2026-07-06 14:59:40.511971+09,2026-07-06 14:59:40.511971+09
1303,1,3,2026-06-30,full,09:00:00,18:00:00,予約連動出勤（静的予約補正）,2026-07-06 14:59:40.511971+09,2026-07-06 14:59:40.511971+09
1304,1,4,2026-06-30,full,09:00:00,18:00:00,予約連動出勤（静的予約補正）,2026-07-06 14:59:40.511971+09,2026-07-06 14:59:40.511971+09
1305,1,5,2026-06-30,full,09:00:00,18:00:00,"",2026-07-06 14:59:40.511971+09,2026-07-06 14:59:40.511971+09
1306,1,6,2026-06-30,full,09:00:00,18:00:00,"",2026-07-06 14:59:40.511971+09,2026-07-06 14:59:40.511971+09
1307,1,7,2026-06-30,full,09:00:00,18:00:00,"",2026-07-06 14:59:40.511971+09,2026-07-06 14:59:40.511971+09
1308,1,8,2026-06-30,full,09:00:00,18:00:00,"",2026-07-06 14:59:40.511971+09,2026-07-06 14:59:40.511971+09
1309,1,9,2026-06-30,full,09:00:00,18:00:00,"",2026-07-06 14:59:40.511971+09,2026-07-06 14:59:40.511971+09
1310,1,10,2026-06-30,full,09:00:00,18:00:00,"",2026-07-06 14:59:40.511971+09,2026-07-06 14:59:40.511971+09
1311,1,11,2026-06-30,full,09:00:00,18:00:00,"",2026-07-06 14:59:40.511971+09,2026-07-06 14:59:40.511971+09
1312,1,33,2026-06-30,full,09:00:00,18:00:00,"",2026-07-06 14:59:40.511971+09,2026-07-06 14:59:40.511971+09
1313,2,16,2026-06-30,full,09:00:00,18:00:00,"",2026-07-06 14:59:40.511971+09,2026-07-06 14:59:40.511971+09
1314,2,17,2026-06-30,full,09:00:00,18:00:00,"",2026-07-06 14:59:40.511971+09,2026-07-06 14:59:40.511971+09
1315,2,18,2026-06-30,full,09:00:00,18:00:00,"",2026-07-06 14:59:40.511971+09,2026-07-06 14:59:40.511971+09
1316,2,19,2026-06-30,full,09:00:00,18:00:00,"",2026-07-06 14:59:40.511971+09,2026-07-06 14:59:40.511971+09
1317,2,20,2026-06-30,full,09:00:00,18:00:00,"",2026-07-06 14:59:40.511971+09,2026-07-06 14:59:40.511971+09
1318,2,21,2026-06-30,full,09:00:00,18:00:00,"",2026-07-06 14:59:40.511971+09,2026-07-06 14:59:40.511971+09
1319,2,22,2026-06-30,full,09:00:00,18:00:00,"",2026-07-06 14:59:40.511971+09,2026-07-06 14:59:40.511971+09
1320,2,34,2026-06-30,full,09:00:00,18:00:00,"",2026-07-06 14:59:40.511971+09,2026-07-06 14:59:40.511971+09
1321,3,26,2026-06-30,full,09:00:00,18:00:00,"",2026-07-06 14:59:40.511971+09,2026-07-06 14:59:40.511971+09
1322,3,27,2026-06-30,full,09:00:00,18:00:00,"",2026-07-06 14:59:40.511971+09,2026-07-06 14:59:40.511971+09
1323,3,28,2026-06-30,full,09:00:00,18:00:00,"",2026-07-06 14:59:40.511971+09,2026-07-06 14:59:40.511971+09
1324,3,29,2026-06-30,full,09:00:00,18:00:00,"",2026-07-06 14:59:40.511971+09,2026-07-06 14:59:40.511971+09
1325,3,30,2026-06-30,full,09:00:00,18:00:00,"",2026-07-06 14:59:40.511971+09,2026-07-06 14:59:40.511971+09
1326,3,35,2026-06-30,full,09:00:00,18:00:00,"",2026-07-06 14:59:40.511971+09,2026-07-06 14:59:40.511971+09
1327,1,1,2026-07-01,full,09:00:00,18:00:00,"",2026-07-06 14:59:40.511971+09,2026-07-06 14:59:40.511971+09
1328,1,2,2026-07-01,full,09:00:00,18:00:00,"",2026-07-06 14:59:40.511971+09,2026-07-06 14:59:40.511971+09
1329,1,3,2026-07-01,full,09:00:00,18:00:00,"",2026-07-06 14:59:40.511971+09,2026-07-06 14:59:40.511971+09
1330,1,4,2026-07-01,full,09:00:00,18:00:00,"",2026-07-06 14:59:40.511971+09,2026-07-06 14:59:40.511971+09
1331,1,5,2026-07-01,full,09:00:00,18:00:00,"",2026-07-06 14:59:40.511971+09,2026-07-06 14:59:40.511971+09
1332,1,6,2026-07-01,full,09:00:00,18:00:00,"",2026-07-06 14:59:40.511971+09,2026-07-06 14:59:40.511971+09
1333,1,7,2026-07-01,full,09:00:00,18:00:00,"",2026-07-06 14:59:40.511971+09,2026-07-06 14:59:40.511971+09
1334,1,8,2026-07-01,full,09:00:00,18:00:00,"",2026-07-06 14:59:40.511971+09,2026-07-06 14:59:40.511971+09
1335,1,9,2026-07-01,full,09:00:00,18:00:00,"",2026-07-06 14:59:40.511971+09,2026-07-06 14:59:40.511971+09
1336,1,10,2026-07-01,full,09:00:00,18:00:00,"",2026-07-06 14:59:40.511971+09,2026-07-06 14:59:40.511971+09
1337,1,11,2026-07-01,full,09:00:00,18:00:00,"",2026-07-06 14:59:40.511971+09,2026-07-06 14:59:40.511971+09
1338,1,33,2026-07-01,full,09:00:00,18:00:00,"",2026-07-06 14:59:40.511971+09,2026-07-06 14:59:40.511971+09
1339,2,16,2026-07-01,full,09:00:00,18:00:00,"",2026-07-06 14:59:40.511971+09,2026-07-06 14:59:40.511971+09
1340,2,17,2026-07-01,full,09:00:00,18:00:00,"",2026-07-06 14:59:40.511971+09,2026-07-06 14:59:40.511971+09
1341,2,18,2026-07-01,full,09:00:00,18:00:00,"",2026-07-06 14:59:40.511971+09,2026-07-06 14:59:40.511971+09
1342,2,19,2026-07-01,full,09:00:00,18:00:00,"",2026-07-06 14:59:40.511971+09,2026-07-06 14:59:40.511971+09
1343,2,20,2026-07-01,full,09:00:00,18:00:00,"",2026-07-06 14:59:40.511971+09,2026-07-06 14:59:40.511971+09
1344,2,21,2026-07-01,full,09:00:00,18:00:00,"",2026-07-06 14:59:40.511971+09,2026-07-06 14:59:40.511971+09
1345,2,22,2026-07-01,full,09:00:00,18:00:00,"",2026-07-06 14:59:40.511971+09,2026-07-06 14:59:40.511971+09
1346,2,34,2026-07-01,full,09:00:00,18:00:00,"",2026-07-06 14:59:40.511971+09,2026-07-06 14:59:40.511971+09
1347,3,26,2026-07-01,full,09:00:00,18:00:00,"",2026-07-06 14:59:40.511971+09,2026-07-06 14:59:40.511971+09
1348,3,27,2026-07-01,full,09:00:00,18:00:00,"",2026-07-06 14:59:40.511971+09,2026-07-06 14:59:40.511971+09
1349,3,28,2026-07-01,full,09:00:00,18:00:00,"",2026-07-06 14:59:40.511971+09,2026-07-06 14:59:40.511971+09
1350,3,29,2026-07-01,full,09:00:00,18:00:00,"",2026-07-06 14:59:40.511971+09,2026-07-06 14:59:40.511971+09
1351,3,30,2026-07-01,full,09:00:00,18:00:00,"",2026-07-06 14:59:40.511971+09,2026-07-06 14:59:40.511971+09
1352,3,35,2026-07-01,full,09:00:00,18:00:00,"",2026-07-06 14:59:40.511971+09,2026-07-06 14:59:40.511971+09
1353,1,1,2026-07-02,full,09:00:00,18:00:00,"",2026-07-06 14:59:40.511971+09,2026-07-06 14:59:40.511971+09
1354,1,2,2026-07-02,full,09:00:00,18:00:00,"",2026-07-06 14:59:40.511971+09,2026-07-06 14:59:40.511971+09
1355,1,3,2026-07-02,full,09:00:00,18:00:00,"",2026-07-06 14:59:40.511971+09,2026-07-06 14:59:40.511971+09
1356,1,4,2026-07-02,full,09:00:00,18:00:00,"",2026-07-06 14:59:40.511971+09,2026-07-06 14:59:40.511971+09
1357,1,5,2026-07-02,full,09:00:00,18:00:00,"",2026-07-06 14:59:40.511971+09,2026-07-06 14:59:40.511971+09
1358,1,6,2026-07-02,full,09:00:00,18:00:00,"",2026-07-06 14:59:40.511971+09,2026-07-06 14:59:40.511971+09
1359,1,7,2026-07-02,full,09:00:00,18:00:00,"",2026-07-06 14:59:40.511971+09,2026-07-06 14:59:40.511971+09
1360,1,8,2026-07-02,full,09:00:00,18:00:00,"",2026-07-06 14:59:40.511971+09,2026-07-06 14:59:40.511971+09
1361,1,9,2026-07-02,full,09:00:00,18:00:00,"",2026-07-06 14:59:40.511971+09,2026-07-06 14:59:40.511971+09
1362,1,10,2026-07-02,full,09:00:00,18:00:00,"",2026-07-06 14:59:40.511971+09,2026-07-06 14:59:40.511971+09
1363,1,11,2026-07-02,full,09:00:00,18:00:00,"",2026-07-06 14:59:40.511971+09,2026-07-06 14:59:40.511971+09
1364,1,33,2026-07-02,full,09:00:00,18:00:00,"",2026-07-06 14:59:40.511971+09,2026-07-06 14:59:40.511971+09
1365,2,16,2026-07-02,full,09:00:00,18:00:00,"",2026-07-06 14:59:40.511971+09,2026-07-06 14:59:40.511971+09
1366,2,17,2026-07-02,full,09:00:00,18:00:00,"",2026-07-06 14:59:40.511971+09,2026-07-06 14:59:40.511971+09
1367,2,18,2026-07-02,full,09:00:00,18:00:00,"",2026-07-06 14:59:40.511971+09,2026-07-06 14:59:40.511971+09
1368,2,19,2026-07-02,full,09:00:00,18:00:00,"",2026-07-06 14:59:40.511971+09,2026-07-06 14:59:40.511971+09
1369,2,20,2026-07-02,full,09:00:00,18:00:00,"",2026-07-06 14:59:40.511971+09,2026-07-06 14:59:40.511971+09
1370,2,21,2026-07-02,full,09:00:00,18:00:00,"",2026-07-06 14:59:40.511971+09,2026-07-06 14:59:40.511971+09
1371,2,22,2026-07-02,full,09:00:00,18:00:00,"",2026-07-06 14:59:40.511971+09,2026-07-06 14:59:40.511971+09
1372,2,34,2026-07-02,full,09:00:00,18:00:00,"",2026-07-06 14:59:40.511971+09,2026-07-06 14:59:40.511971+09
1373,3,26,2026-07-02,full,09:00:00,18:00:00,"",2026-07-06 14:59:40.511971+09,2026-07-06 14:59:40.511971+09
1374,3,27,2026-07-02,full,09:00:00,18:00:00,"",2026-07-06 14:59:40.511971+09,2026-07-06 14:59:40.511971+09
1375,3,28,2026-07-02,full,09:00:00,18:00:00,"",2026-07-06 14:59:40.511971+09,2026-07-06 14:59:40.511971+09
1376,3,29,2026-07-02,full,09:00:00,18:00:00,"",2026-07-06 14:59:40.511971+09,2026-07-06 14:59:40.511971+09
1377,3,30,2026-07-02,full,09:00:00,18:00:00,"",2026-07-06 14:59:40.511971+09,2026-07-06 14:59:40.511971+09
1378,3,35,2026-07-02,full,09:00:00,18:00:00,"",2026-07-06 14:59:40.511971+09,2026-07-06 14:59:40.511971+09
1379,1,1,2026-07-03,full,09:00:00,18:00:00,"",2026-07-06 14:59:40.511971+09,2026-07-06 14:59:40.511971+09
1380,1,2,2026-07-03,full,09:00:00,18:00:00,"",2026-07-06 14:59:40.511971+09,2026-07-06 14:59:40.511971+09
1381,1,3,2026-07-03,full,09:00:00,18:00:00,"",2026-07-06 14:59:40.511971+09,2026-07-06 14:59:40.511971+09
1382,1,4,2026-07-03,full,09:00:00,18:00:00,"",2026-07-06 14:59:40.511971+09,2026-07-06 14:59:40.511971+09
1383,1,5,2026-07-03,full,09:00:00,18:00:00,"",2026-07-06 14:59:40.511971+09,2026-07-06 14:59:40.511971+09
1384,1,6,2026-07-03,full,09:00:00,18:00:00,"",2026-07-06 14:59:40.511971+09,2026-07-06 14:59:40.511971+09
1385,1,7,2026-07-03,full,09:00:00,18:00:00,"",2026-07-06 14:59:40.511971+09,2026-07-06 14:59:40.511971+09
1386,1,8,2026-07-03,full,09:00:00,18:00:00,"",2026-07-06 14:59:40.511971+09,2026-07-06 14:59:40.511971+09
1387,1,9,2026-07-03,full,09:00:00,18:00:00,"",2026-07-06 14:59:40.511971+09,2026-07-06 14:59:40.511971+09
1388,1,10,2026-07-03,full,09:00:00,18:00:00,"",2026-07-06 14:59:40.511971+09,2026-07-06 14:59:40.511971+09
1389,1,11,2026-07-03,full,09:00:00,18:00:00,"",2026-07-06 14:59:40.511971+09,2026-07-06 14:59:40.511971+09
1390,1,33,2026-07-03,full,09:00:00,18:00:00,"",2026-07-06 14:59:40.511971+09,2026-07-06 14:59:40.511971+09
1391,2,16,2026-07-03,full,09:00:00,18:00:00,"",2026-07-06 14:59:40.511971+09,2026-07-06 14:59:40.511971+09
1392,2,17,2026-07-03,full,09:00:00,18:00:00,"",2026-07-06 14:59:40.511971+09,2026-07-06 14:59:40.511971+09
1393,2,18,2026-07-03,full,09:00:00,18:00:00,"",2026-07-06 14:59:40.511971+09,2026-07-06 14:59:40.511971+09
1394,2,19,2026-07-03,full,09:00:00,18:00:00,"",2026-07-06 14:59:40.511971+09,2026-07-06 14:59:40.511971+09
1395,2,20,2026-07-03,full,09:00:00,18:00:00,"",2026-07-06 14:59:40.511971+09,2026-07-06 14:59:40.511971+09
1396,2,21,2026-07-03,full,09:00:00,18:00:00,"",2026-07-06 14:59:40.511971+09,2026-07-06 14:59:40.511971+09
1397,2,22,2026-07-03,full,09:00:00,18:00:00,"",2026-07-06 14:59:40.511971+09,2026-07-06 14:59:40.511971+09
1398,2,34,2026-07-03,full,09:00:00,18:00:00,"",2026-07-06 14:59:40.511971+09,2026-07-06 14:59:40.511971+09
1399,3,26,2026-07-03,full,09:00:00,18:00:00,"",2026-07-06 14:59:40.511971+09,2026-07-06 14:59:40.511971+09
1400,3,27,2026-07-03,full,09:00:00,18:00:00,"",2026-07-06 14:59:40.511971+09,2026-07-06 14:59:40.511971+09
1401,3,28,2026-07-03,full,09:00:00,18:00:00,"",2026-07-06 14:59:40.511971+09,2026-07-06 14:59:40.511971+09
1402,3,29,2026-07-03,full,09:00:00,18:00:00,"",2026-07-06 14:59:40.511971+09,2026-07-06 14:59:40.511971+09
1403,3,30,2026-07-03,full,09:00:00,18:00:00,"",2026-07-06 14:59:40.511971+09,2026-07-06 14:59:40.511971+09
1404,3,35,2026-07-03,full,09:00:00,18:00:00,"",2026-07-06 14:59:40.511971+09,2026-07-06 14:59:40.511971+09
1405,1,1,2026-07-04,morning,09:00:00,13:00:00,"",2026-07-06 14:59:40.511971+09,2026-07-06 14:59:40.511971+09
1406,1,2,2026-07-04,morning,09:00:00,13:00:00,"",2026-07-06 14:59:40.511971+09,2026-07-06 14:59:40.511971+09
1407,1,3,2026-07-04,morning,09:00:00,13:00:00,"",2026-07-06 14:59:40.511971+09,2026-07-06 14:59:40.511971+09
1408,1,4,2026-07-04,morning,09:00:00,13:00:00,"",2026-07-06 14:59:40.511971+09,2026-07-06 14:59:40.511971+09
1409,1,5,2026-07-04,morning,09:00:00,13:00:00,"",2026-07-06 14:59:40.511971+09,2026-07-06 14:59:40.511971+09
1410,1,6,2026-07-04,morning,09:00:00,13:00:00,"",2026-07-06 14:59:40.511971+09,2026-07-06 14:59:40.511971+09
1411,1,7,2026-07-04,morning,09:00:00,13:00:00,"",2026-07-06 14:59:40.511971+09,2026-07-06 14:59:40.511971+09
1412,1,8,2026-07-04,morning,09:00:00,13:00:00,"",2026-07-06 14:59:40.511971+09,2026-07-06 14:59:40.511971+09
1413,1,9,2026-07-04,morning,09:00:00,13:00:00,"",2026-07-06 14:59:40.511971+09,2026-07-06 14:59:40.511971+09
1414,1,10,2026-07-04,morning,09:00:00,13:00:00,"",2026-07-06 14:59:40.511971+09,2026-07-06 14:59:40.511971+09
1415,1,11,2026-07-04,morning,09:00:00,13:00:00,"",2026-07-06 14:59:40.511971+09,2026-07-06 14:59:40.511971+09
1416,1,33,2026-07-04,morning,09:00:00,13:00:00,"",2026-07-06 14:59:40.511971+09,2026-07-06 14:59:40.511971+09
1417,2,16,2026-07-04,morning,09:00:00,13:00:00,"",2026-07-06 14:59:40.511971+09,2026-07-06 14:59:40.511971+09
1418,2,17,2026-07-04,morning,09:00:00,13:00:00,"",2026-07-06 14:59:40.511971+09,2026-07-06 14:59:40.511971+09
1419,2,18,2026-07-04,morning,09:00:00,13:00:00,"",2026-07-06 14:59:40.511971+09,2026-07-06 14:59:40.511971+09
1420,2,19,2026-07-04,morning,09:00:00,13:00:00,"",2026-07-06 14:59:40.511971+09,2026-07-06 14:59:40.511971+09
1421,2,20,2026-07-04,morning,09:00:00,13:00:00,"",2026-07-06 14:59:40.511971+09,2026-07-06 14:59:40.511971+09
1422,2,21,2026-07-04,morning,09:00:00,13:00:00,"",2026-07-06 14:59:40.511971+09,2026-07-06 14:59:40.511971+09
1423,2,22,2026-07-04,morning,09:00:00,13:00:00,"",2026-07-06 14:59:40.511971+09,2026-07-06 14:59:40.511971+09
1424,2,34,2026-07-04,morning,09:00:00,13:00:00,"",2026-07-06 14:59:40.511971+09,2026-07-06 14:59:40.511971+09
1425,3,26,2026-07-04,morning,09:00:00,13:00:00,"",2026-07-06 14:59:40.511971+09,2026-07-06 14:59:40.511971+09
1426,3,27,2026-07-04,morning,09:00:00,13:00:00,"",2026-07-06 14:59:40.511971+09,2026-07-06 14:59:40.511971+09
1427,3,28,2026-07-04,morning,09:00:00,13:00:00,"",2026-07-06 14:59:40.511971+09,2026-07-06 14:59:40.511971+09
1428,3,29,2026-07-04,morning,09:00:00,13:00:00,"",2026-07-06 14:59:40.511971+09,2026-07-06 14:59:40.511971+09
1429,3,30,2026-07-04,morning,09:00:00,13:00:00,"",2026-07-06 14:59:40.511971+09,2026-07-06 14:59:40.511971+09
1430,3,35,2026-07-04,morning,09:00:00,13:00:00,"",2026-07-06 14:59:40.511971+09,2026-07-06 14:59:40.511971+09
1431,1,1,2026-07-05,off,,,"",2026-07-06 14:59:40.511971+09,2026-07-06 14:59:40.511971+09
1432,1,2,2026-07-05,off,,,"",2026-07-06 14:59:40.511971+09,2026-07-06 14:59:40.511971+09
1433,1,3,2026-07-05,off,,,"",2026-07-06 14:59:40.511971+09,2026-07-06 14:59:40.511971+09
1434,1,4,2026-07-05,off,,,"",2026-07-06 14:59:40.511971+09,2026-07-06 14:59:40.511971+09
1435,1,5,2026-07-05,off,,,"",2026-07-06 14:59:40.511971+09,2026-07-06 14:59:40.511971+09
1436,1,6,2026-07-05,off,,,"",2026-07-06 14:59:40.511971+09,2026-07-06 14:59:40.511971+09
1437,1,7,2026-07-05,off,,,"",2026-07-06 14:59:40.511971+09,2026-07-06 14:59:40.511971+09
1438,1,8,2026-07-05,off,,,"",2026-07-06 14:59:40.511971+09,2026-07-06 14:59:40.511971+09
1439,1,9,2026-07-05,off,,,"",2026-07-06 14:59:40.511971+09,2026-07-06 14:59:40.511971+09
1440,1,10,2026-07-05,off,,,"",2026-07-06 14:59:40.511971+09,2026-07-06 14:59:40.511971+09
1441,1,11,2026-07-05,off,,,"",2026-07-06 14:59:40.511971+09,2026-07-06 14:59:40.511971+09
1442,1,33,2026-07-05,off,,,"",2026-07-06 14:59:40.511971+09,2026-07-06 14:59:40.511971+09
1443,2,16,2026-07-05,off,,,"",2026-07-06 14:59:40.511971+09,2026-07-06 14:59:40.511971+09
1444,2,17,2026-07-05,off,,,"",2026-07-06 14:59:40.511971+09,2026-07-06 14:59:40.511971+09
1445,2,18,2026-07-05,off,,,"",2026-07-06 14:59:40.511971+09,2026-07-06 14:59:40.511971+09
1446,2,19,2026-07-05,off,,,"",2026-07-06 14:59:40.511971+09,2026-07-06 14:59:40.511971+09
1447,2,20,2026-07-05,off,,,"",2026-07-06 14:59:40.511971+09,2026-07-06 14:59:40.511971+09
1448,2,21,2026-07-05,off,,,"",2026-07-06 14:59:40.511971+09,2026-07-06 14:59:40.511971+09
1449,2,22,2026-07-05,off,,,"",2026-07-06 14:59:40.511971+09,2026-07-06 14:59:40.511971+09
1450,2,34,2026-07-05,off,,,"",2026-07-06 14:59:40.511971+09,2026-07-06 14:59:40.511971+09
1451,3,26,2026-07-05,off,,,"",2026-07-06 14:59:40.511971+09,2026-07-06 14:59:40.511971+09
1452,3,27,2026-07-05,off,,,"",2026-07-06 14:59:40.511971+09,2026-07-06 14:59:40.511971+09
1453,3,28,2026-07-05,off,,,"",2026-07-06 14:59:40.511971+09,2026-07-06 14:59:40.511971+09
1454,3,29,2026-07-05,off,,,"",2026-07-06 14:59:40.511971+09,2026-07-06 14:59:40.511971+09
1455,3,30,2026-07-05,off,,,"",2026-07-06 14:59:40.511971+09,2026-07-06 14:59:40.511971+09
1456,3,35,2026-07-05,off,,,"",2026-07-06 14:59:40.511971+09,2026-07-06 14:59:40.511971+09
1457,1,1,2026-07-06,full,09:00:00,18:00:00,"",2026-07-06 14:59:40.511971+09,2026-07-06 14:59:40.511971+09
1458,1,2,2026-07-06,full,09:00:00,18:00:00,"",2026-07-06 14:59:40.511971+09,2026-07-06 14:59:40.511971+09
1459,1,3,2026-07-06,full,09:00:00,18:00:00,"",2026-07-06 14:59:40.511971+09,2026-07-06 14:59:40.511971+09
1460,1,4,2026-07-06,full,09:00:00,18:00:00,"",2026-07-06 14:59:40.511971+09,2026-07-06 14:59:40.511971+09
1461,1,5,2026-07-06,full,09:00:00,18:00:00,"",2026-07-06 14:59:40.511971+09,2026-07-06 14:59:40.511971+09
1462,1,6,2026-07-06,full,09:00:00,18:00:00,"",2026-07-06 14:59:40.511971+09,2026-07-06 14:59:40.511971+09
1463,1,7,2026-07-06,full,09:00:00,18:00:00,"",2026-07-06 14:59:40.511971+09,2026-07-06 14:59:40.511971+09
1464,1,8,2026-07-06,full,09:00:00,18:00:00,"",2026-07-06 14:59:40.511971+09,2026-07-06 14:59:40.511971+09
1465,1,9,2026-07-06,full,09:00:00,18:00:00,"",2026-07-06 14:59:40.511971+09,2026-07-06 14:59:40.511971+09
1466,1,10,2026-07-06,full,09:00:00,18:00:00,"",2026-07-06 14:59:40.511971+09,2026-07-06 14:59:40.511971+09
1467,1,11,2026-07-06,full,09:00:00,18:00:00,"",2026-07-06 14:59:40.511971+09,2026-07-06 14:59:40.511971+09
1468,1,33,2026-07-06,full,09:00:00,18:00:00,"",2026-07-06 14:59:40.511971+09,2026-07-06 14:59:40.511971+09
1469,2,16,2026-07-06,full,09:00:00,18:00:00,"",2026-07-06 14:59:40.511971+09,2026-07-06 14:59:40.511971+09
1470,2,17,2026-07-06,full,09:00:00,18:00:00,"",2026-07-06 14:59:40.511971+09,2026-07-06 14:59:40.511971+09
1471,2,18,2026-07-06,full,09:00:00,18:00:00,"",2026-07-06 14:59:40.511971+09,2026-07-06 14:59:40.511971+09
1472,2,19,2026-07-06,full,09:00:00,18:00:00,"",2026-07-06 14:59:40.511971+09,2026-07-06 14:59:40.511971+09
1473,2,20,2026-07-06,full,09:00:00,18:00:00,"",2026-07-06 14:59:40.511971+09,2026-07-06 14:59:40.511971+09
1474,2,21,2026-07-06,full,09:00:00,18:00:00,"",2026-07-06 14:59:40.511971+09,2026-07-06 14:59:40.511971+09
1475,2,22,2026-07-06,full,09:00:00,18:00:00,"",2026-07-06 14:59:40.511971+09,2026-07-06 14:59:40.511971+09
1476,2,34,2026-07-06,full,09:00:00,18:00:00,"",2026-07-06 14:59:40.511971+09,2026-07-06 14:59:40.511971+09
1477,3,26,2026-07-06,full,09:00:00,18:00:00,"",2026-07-06 14:59:40.511971+09,2026-07-06 14:59:40.511971+09
1478,3,27,2026-07-06,full,09:00:00,18:00:00,"",2026-07-06 14:59:40.511971+09,2026-07-06 14:59:40.511971+09
1479,3,28,2026-07-06,full,09:00:00,18:00:00,"",2026-07-06 14:59:40.511971+09,2026-07-06 14:59:40.511971+09
1480,3,29,2026-07-06,full,09:00:00,18:00:00,"",2026-07-06 14:59:40.511971+09,2026-07-06 14:59:40.511971+09
1481,3,30,2026-07-06,full,09:00:00,18:00:00,"",2026-07-06 14:59:40.511971+09,2026-07-06 14:59:40.511971+09
1482,3,35,2026-07-06,full,09:00:00,18:00:00,"",2026-07-06 14:59:40.511971+09,2026-07-06 14:59:40.511971+09
1483,1,1,2026-07-07,full,09:00:00,18:00:00,"",2026-07-06 14:59:40.511971+09,2026-07-06 14:59:40.511971+09
1484,1,2,2026-07-07,full,09:00:00,18:00:00,"",2026-07-06 14:59:40.511971+09,2026-07-06 14:59:40.511971+09
1485,1,3,2026-07-07,full,09:00:00,18:00:00,"",2026-07-06 14:59:40.511971+09,2026-07-06 14:59:40.511971+09
1486,1,4,2026-07-07,full,09:00:00,18:00:00,"",2026-07-06 14:59:40.511971+09,2026-07-06 14:59:40.511971+09
1487,1,5,2026-07-07,full,09:00:00,18:00:00,"",2026-07-06 14:59:40.511971+09,2026-07-06 14:59:40.511971+09
1488,1,6,2026-07-07,full,09:00:00,18:00:00,"",2026-07-06 14:59:40.511971+09,2026-07-06 14:59:40.511971+09
1489,1,7,2026-07-07,full,09:00:00,18:00:00,"",2026-07-06 14:59:40.511971+09,2026-07-06 14:59:40.511971+09
1490,1,8,2026-07-07,full,09:00:00,18:00:00,"",2026-07-06 14:59:40.511971+09,2026-07-06 14:59:40.511971+09
1491,1,9,2026-07-07,full,09:00:00,18:00:00,"",2026-07-06 14:59:40.511971+09,2026-07-06 14:59:40.511971+09
1492,1,10,2026-07-07,full,09:00:00,18:00:00,"",2026-07-06 14:59:40.511971+09,2026-07-06 14:59:40.511971+09
1493,1,11,2026-07-07,full,09:00:00,18:00:00,"",2026-07-06 14:59:40.511971+09,2026-07-06 14:59:40.511971+09
1494,1,33,2026-07-07,full,09:00:00,18:00:00,"",2026-07-06 14:59:40.511971+09,2026-07-06 14:59:40.511971+09
1495,2,16,2026-07-07,full,09:00:00,18:00:00,"",2026-07-06 14:59:40.511971+09,2026-07-06 14:59:40.511971+09
1496,2,17,2026-07-07,full,09:00:00,18:00:00,"",2026-07-06 14:59:40.511971+09,2026-07-06 14:59:40.511971+09
1497,2,18,2026-07-07,full,09:00:00,18:00:00,"",2026-07-06 14:59:40.511971+09,2026-07-06 14:59:40.511971+09
1498,2,19,2026-07-07,full,09:00:00,18:00:00,"",2026-07-06 14:59:40.511971+09,2026-07-06 14:59:40.511971+09
1499,2,20,2026-07-07,full,09:00:00,18:00:00,"",2026-07-06 14:59:40.511971+09,2026-07-06 14:59:40.511971+09
1500,2,21,2026-07-07,full,09:00:00,18:00:00,"",2026-07-06 14:59:40.511971+09,2026-07-06 14:59:40.511971+09
1501,2,22,2026-07-07,full,09:00:00,18:00:00,"",2026-07-06 14:59:40.511971+09,2026-07-06 14:59:40.511971+09
1502,2,34,2026-07-07,full,09:00:00,18:00:00,"",2026-07-06 14:59:40.511971+09,2026-07-06 14:59:40.511971+09
1503,3,26,2026-07-07,full,09:00:00,18:00:00,"",2026-07-06 14:59:40.511971+09,2026-07-06 14:59:40.511971+09
1504,3,27,2026-07-07,full,09:00:00,18:00:00,"",2026-07-06 14:59:40.511971+09,2026-07-06 14:59:40.511971+09
1505,3,28,2026-07-07,full,09:00:00,18:00:00,"",2026-07-06 14:59:40.511971+09,2026-07-06 14:59:40.511971+09
1506,3,29,2026-07-07,full,09:00:00,18:00:00,"",2026-07-06 14:59:40.511971+09,2026-07-06 14:59:40.511971+09
1507,3,30,2026-07-07,full,09:00:00,18:00:00,"",2026-07-06 14:59:40.511971+09,2026-07-06 14:59:40.511971+09
1508,3,35,2026-07-07,full,09:00:00,18:00:00,"",2026-07-06 14:59:40.511971+09,2026-07-06 14:59:40.511971+09
1509,1,1,2026-07-08,full,09:00:00,18:00:00,"",2026-07-06 14:59:40.511971+09,2026-07-06 14:59:40.511971+09
1510,1,2,2026-07-08,full,09:00:00,18:00:00,"",2026-07-06 14:59:40.511971+09,2026-07-06 14:59:40.511971+09
1511,1,3,2026-07-08,full,09:00:00,18:00:00,"",2026-07-06 14:59:40.511971+09,2026-07-06 14:59:40.511971+09
1512,1,4,2026-07-08,full,09:00:00,18:00:00,"",2026-07-06 14:59:40.511971+09,2026-07-06 14:59:40.511971+09
1513,1,5,2026-07-08,full,09:00:00,18:00:00,"",2026-07-06 14:59:40.511971+09,2026-07-06 14:59:40.511971+09
1514,1,6,2026-07-08,full,09:00:00,18:00:00,"",2026-07-06 14:59:40.511971+09,2026-07-06 14:59:40.511971+09
1515,1,7,2026-07-08,full,09:00:00,18:00:00,"",2026-07-06 14:59:40.511971+09,2026-07-06 14:59:40.511971+09
1516,1,8,2026-07-08,full,09:00:00,18:00:00,"",2026-07-06 14:59:40.511971+09,2026-07-06 14:59:40.511971+09
1517,1,9,2026-07-08,full,09:00:00,18:00:00,"",2026-07-06 14:59:40.511971+09,2026-07-06 14:59:40.511971+09
1518,1,10,2026-07-08,full,09:00:00,18:00:00,"",2026-07-06 14:59:40.511971+09,2026-07-06 14:59:40.511971+09
1519,1,11,2026-07-08,full,09:00:00,18:00:00,"",2026-07-06 14:59:40.511971+09,2026-07-06 14:59:40.511971+09
1520,1,33,2026-07-08,full,09:00:00,18:00:00,"",2026-07-06 14:59:40.511971+09,2026-07-06 14:59:40.511971+09
1521,2,16,2026-07-08,full,09:00:00,18:00:00,"",2026-07-06 14:59:40.511971+09,2026-07-06 14:59:40.511971+09
1522,2,17,2026-07-08,full,09:00:00,18:00:00,"",2026-07-06 14:59:40.511971+09,2026-07-06 14:59:40.511971+09
1523,2,18,2026-07-08,full,09:00:00,18:00:00,"",2026-07-06 14:59:40.511971+09,2026-07-06 14:59:40.511971+09
1524,2,19,2026-07-08,full,09:00:00,18:00:00,"",2026-07-06 14:59:40.511971+09,2026-07-06 14:59:40.511971+09
1525,2,20,2026-07-08,full,09:00:00,18:00:00,"",2026-07-06 14:59:40.511971+09,2026-07-06 14:59:40.511971+09
1526,2,21,2026-07-08,full,09:00:00,18:00:00,"",2026-07-06 14:59:40.511971+09,2026-07-06 14:59:40.511971+09
1527,2,22,2026-07-08,full,09:00:00,18:00:00,"",2026-07-06 14:59:40.511971+09,2026-07-06 14:59:40.511971+09
1528,2,34,2026-07-08,full,09:00:00,18:00:00,"",2026-07-06 14:59:40.511971+09,2026-07-06 14:59:40.511971+09
1529,3,26,2026-07-08,full,09:00:00,18:00:00,"",2026-07-06 14:59:40.511971+09,2026-07-06 14:59:40.511971+09
1530,3,27,2026-07-08,full,09:00:00,18:00:00,"",2026-07-06 14:59:40.511971+09,2026-07-06 14:59:40.511971+09
1531,3,28,2026-07-08,full,09:00:00,18:00:00,"",2026-07-06 14:59:40.511971+09,2026-07-06 14:59:40.511971+09
1532,3,29,2026-07-08,full,09:00:00,18:00:00,"",2026-07-06 14:59:40.511971+09,2026-07-06 14:59:40.511971+09
1533,3,30,2026-07-08,full,09:00:00,18:00:00,"",2026-07-06 14:59:40.511971+09,2026-07-06 14:59:40.511971+09
1534,3,35,2026-07-08,full,09:00:00,18:00:00,"",2026-07-06 14:59:40.511971+09,2026-07-06 14:59:40.511971+09
1535,1,1,2026-07-09,full,09:00:00,18:00:00,"",2026-07-06 14:59:40.511971+09,2026-07-06 14:59:40.511971+09
1536,1,2,2026-07-09,full,09:00:00,18:00:00,"",2026-07-06 14:59:40.511971+09,2026-07-06 14:59:40.511971+09
1537,1,3,2026-07-09,full,09:00:00,18:00:00,"",2026-07-06 14:59:40.511971+09,2026-07-06 14:59:40.511971+09
1538,1,4,2026-07-09,full,09:00:00,18:00:00,"",2026-07-06 14:59:40.511971+09,2026-07-06 14:59:40.511971+09
1539,1,5,2026-07-09,full,09:00:00,18:00:00,"",2026-07-06 14:59:40.511971+09,2026-07-06 14:59:40.511971+09
1540,1,6,2026-07-09,full,09:00:00,18:00:00,"",2026-07-06 14:59:40.511971+09,2026-07-06 14:59:40.511971+09
1541,1,7,2026-07-09,full,09:00:00,18:00:00,"",2026-07-06 14:59:40.511971+09,2026-07-06 14:59:40.511971+09
1542,1,8,2026-07-09,full,09:00:00,18:00:00,"",2026-07-06 14:59:40.511971+09,2026-07-06 14:59:40.511971+09
1543,1,9,2026-07-09,full,09:00:00,18:00:00,"",2026-07-06 14:59:40.511971+09,2026-07-06 14:59:40.511971+09
1544,1,10,2026-07-09,full,09:00:00,18:00:00,"",2026-07-06 14:59:40.511971+09,2026-07-06 14:59:40.511971+09
1545,1,11,2026-07-09,full,09:00:00,18:00:00,"",2026-07-06 14:59:40.511971+09,2026-07-06 14:59:40.511971+09
1546,1,33,2026-07-09,full,09:00:00,18:00:00,"",2026-07-06 14:59:40.511971+09,2026-07-06 14:59:40.511971+09
1547,2,16,2026-07-09,full,09:00:00,18:00:00,"",2026-07-06 14:59:40.511971+09,2026-07-06 14:59:40.511971+09
1548,2,17,2026-07-09,full,09:00:00,18:00:00,"",2026-07-06 14:59:40.511971+09,2026-07-06 14:59:40.511971+09
1549,2,18,2026-07-09,full,09:00:00,18:00:00,"",2026-07-06 14:59:40.511971+09,2026-07-06 14:59:40.511971+09
1550,2,19,2026-07-09,full,09:00:00,18:00:00,"",2026-07-06 14:59:40.511971+09,2026-07-06 14:59:40.511971+09
1551,2,20,2026-07-09,full,09:00:00,18:00:00,"",2026-07-06 14:59:40.511971+09,2026-07-06 14:59:40.511971+09
1552,2,21,2026-07-09,full,09:00:00,18:00:00,"",2026-07-06 14:59:40.511971+09,2026-07-06 14:59:40.511971+09
1553,2,22,2026-07-09,full,09:00:00,18:00:00,"",2026-07-06 14:59:40.511971+09,2026-07-06 14:59:40.511971+09
1554,2,34,2026-07-09,full,09:00:00,18:00:00,"",2026-07-06 14:59:40.511971+09,2026-07-06 14:59:40.511971+09
1555,3,26,2026-07-09,full,09:00:00,18:00:00,"",2026-07-06 14:59:40.511971+09,2026-07-06 14:59:40.511971+09
1556,3,27,2026-07-09,full,09:00:00,18:00:00,"",2026-07-06 14:59:40.511971+09,2026-07-06 14:59:40.511971+09
1557,3,28,2026-07-09,full,09:00:00,18:00:00,"",2026-07-06 14:59:40.511971+09,2026-07-06 14:59:40.511971+09
1558,3,29,2026-07-09,full,09:00:00,18:00:00,"",2026-07-06 14:59:40.511971+09,2026-07-06 14:59:40.511971+09
1559,3,30,2026-07-09,full,09:00:00,18:00:00,"",2026-07-06 14:59:40.511971+09,2026-07-06 14:59:40.511971+09
1560,3,35,2026-07-09,full,09:00:00,18:00:00,"",2026-07-06 14:59:40.511971+09,2026-07-06 14:59:40.511971+09
1561,1,1,2026-07-10,full,09:00:00,18:00:00,"",2026-07-06 14:59:40.511971+09,2026-07-06 14:59:40.511971+09
1562,1,2,2026-07-10,full,09:00:00,18:00:00,"",2026-07-06 14:59:40.511971+09,2026-07-06 14:59:40.511971+09
1563,1,3,2026-07-10,full,09:00:00,18:00:00,"",2026-07-06 14:59:40.511971+09,2026-07-06 14:59:40.511971+09
1564,1,4,2026-07-10,full,09:00:00,18:00:00,"",2026-07-06 14:59:40.511971+09,2026-07-06 14:59:40.511971+09
1565,1,5,2026-07-10,full,09:00:00,18:00:00,"",2026-07-06 14:59:40.511971+09,2026-07-06 14:59:40.511971+09
1566,1,6,2026-07-10,full,09:00:00,18:00:00,"",2026-07-06 14:59:40.511971+09,2026-07-06 14:59:40.511971+09
1567,1,7,2026-07-10,full,09:00:00,18:00:00,"",2026-07-06 14:59:40.511971+09,2026-07-06 14:59:40.511971+09
1568,1,8,2026-07-10,full,09:00:00,18:00:00,"",2026-07-06 14:59:40.511971+09,2026-07-06 14:59:40.511971+09
1569,1,9,2026-07-10,full,09:00:00,18:00:00,"",2026-07-06 14:59:40.511971+09,2026-07-06 14:59:40.511971+09
1570,1,10,2026-07-10,full,09:00:00,18:00:00,"",2026-07-06 14:59:40.511971+09,2026-07-06 14:59:40.511971+09
1571,1,11,2026-07-10,full,09:00:00,18:00:00,"",2026-07-06 14:59:40.511971+09,2026-07-06 14:59:40.511971+09
1572,1,33,2026-07-10,full,09:00:00,18:00:00,"",2026-07-06 14:59:40.511971+09,2026-07-06 14:59:40.511971+09
1573,2,16,2026-07-10,full,09:00:00,18:00:00,"",2026-07-06 14:59:40.511971+09,2026-07-06 14:59:40.511971+09
1574,2,17,2026-07-10,full,09:00:00,18:00:00,"",2026-07-06 14:59:40.511971+09,2026-07-06 14:59:40.511971+09
1575,2,18,2026-07-10,full,09:00:00,18:00:00,"",2026-07-06 14:59:40.511971+09,2026-07-06 14:59:40.511971+09
1576,2,19,2026-07-10,full,09:00:00,18:00:00,"",2026-07-06 14:59:40.511971+09,2026-07-06 14:59:40.511971+09
1577,2,20,2026-07-10,full,09:00:00,18:00:00,"",2026-07-06 14:59:40.511971+09,2026-07-06 14:59:40.511971+09
1578,2,21,2026-07-10,full,09:00:00,18:00:00,"",2026-07-06 14:59:40.511971+09,2026-07-06 14:59:40.511971+09
1579,2,22,2026-07-10,full,09:00:00,18:00:00,"",2026-07-06 14:59:40.511971+09,2026-07-06 14:59:40.511971+09
1580,2,34,2026-07-10,full,09:00:00,18:00:00,"",2026-07-06 14:59:40.511971+09,2026-07-06 14:59:40.511971+09
1581,3,26,2026-07-10,full,09:00:00,18:00:00,"",2026-07-06 14:59:40.511971+09,2026-07-06 14:59:40.511971+09
1582,3,27,2026-07-10,full,09:00:00,18:00:00,"",2026-07-06 14:59:40.511971+09,2026-07-06 14:59:40.511971+09
1583,3,28,2026-07-10,full,09:00:00,18:00:00,"",2026-07-06 14:59:40.511971+09,2026-07-06 14:59:40.511971+09
1584,3,29,2026-07-10,full,09:00:00,18:00:00,"",2026-07-06 14:59:40.511971+09,2026-07-06 14:59:40.511971+09
1585,3,30,2026-07-10,full,09:00:00,18:00:00,"",2026-07-06 14:59:40.511971+09,2026-07-06 14:59:40.511971+09
1586,3,35,2026-07-10,full,09:00:00,18:00:00,"",2026-07-06 14:59:40.511971+09,2026-07-06 14:59:40.511971+09
1587,1,1,2026-07-11,morning,09:00:00,13:00:00,"",2026-07-06 14:59:40.511971+09,2026-07-06 14:59:40.511971+09
1588,1,2,2026-07-11,morning,09:00:00,13:00:00,"",2026-07-06 14:59:40.511971+09,2026-07-06 14:59:40.511971+09
1589,1,3,2026-07-11,morning,09:00:00,13:00:00,"",2026-07-06 14:59:40.511971+09,2026-07-06 14:59:40.511971+09
1590,1,4,2026-07-11,morning,09:00:00,13:00:00,"",2026-07-06 14:59:40.511971+09,2026-07-06 14:59:40.511971+09
1591,1,5,2026-07-11,morning,09:00:00,13:00:00,"",2026-07-06 14:59:40.511971+09,2026-07-06 14:59:40.511971+09
1592,1,6,2026-07-11,morning,09:00:00,13:00:00,"",2026-07-06 14:59:40.511971+09,2026-07-06 14:59:40.511971+09
1593,1,7,2026-07-11,morning,09:00:00,13:00:00,"",2026-07-06 14:59:40.511971+09,2026-07-06 14:59:40.511971+09
1594,1,8,2026-07-11,morning,09:00:00,13:00:00,"",2026-07-06 14:59:40.511971+09,2026-07-06 14:59:40.511971+09
1595,1,9,2026-07-11,morning,09:00:00,13:00:00,"",2026-07-06 14:59:40.511971+09,2026-07-06 14:59:40.511971+09
1596,1,10,2026-07-11,morning,09:00:00,13:00:00,"",2026-07-06 14:59:40.511971+09,2026-07-06 14:59:40.511971+09
1597,1,11,2026-07-11,morning,09:00:00,13:00:00,"",2026-07-06 14:59:40.511971+09,2026-07-06 14:59:40.511971+09
1598,1,33,2026-07-11,morning,09:00:00,13:00:00,"",2026-07-06 14:59:40.511971+09,2026-07-06 14:59:40.511971+09
1599,2,16,2026-07-11,morning,09:00:00,13:00:00,"",2026-07-06 14:59:40.511971+09,2026-07-06 14:59:40.511971+09
1600,2,17,2026-07-11,morning,09:00:00,13:00:00,"",2026-07-06 14:59:40.511971+09,2026-07-06 14:59:40.511971+09
1601,2,18,2026-07-11,morning,09:00:00,13:00:00,"",2026-07-06 14:59:40.511971+09,2026-07-06 14:59:40.511971+09
1602,2,19,2026-07-11,morning,09:00:00,13:00:00,"",2026-07-06 14:59:40.511971+09,2026-07-06 14:59:40.511971+09
1603,2,20,2026-07-11,morning,09:00:00,13:00:00,"",2026-07-06 14:59:40.511971+09,2026-07-06 14:59:40.511971+09
1604,2,21,2026-07-11,morning,09:00:00,13:00:00,"",2026-07-06 14:59:40.511971+09,2026-07-06 14:59:40.511971+09
1605,2,22,2026-07-11,morning,09:00:00,13:00:00,"",2026-07-06 14:59:40.511971+09,2026-07-06 14:59:40.511971+09
1606,2,34,2026-07-11,morning,09:00:00,13:00:00,"",2026-07-06 14:59:40.511971+09,2026-07-06 14:59:40.511971+09
1607,3,26,2026-07-11,morning,09:00:00,13:00:00,"",2026-07-06 14:59:40.511971+09,2026-07-06 14:59:40.511971+09
1608,3,27,2026-07-11,morning,09:00:00,13:00:00,"",2026-07-06 14:59:40.511971+09,2026-07-06 14:59:40.511971+09
1609,3,28,2026-07-11,morning,09:00:00,13:00:00,"",2026-07-06 14:59:40.511971+09,2026-07-06 14:59:40.511971+09
1610,3,29,2026-07-11,morning,09:00:00,13:00:00,"",2026-07-06 14:59:40.511971+09,2026-07-06 14:59:40.511971+09
1611,3,30,2026-07-11,morning,09:00:00,13:00:00,"",2026-07-06 14:59:40.511971+09,2026-07-06 14:59:40.511971+09
1612,3,35,2026-07-11,morning,09:00:00,13:00:00,"",2026-07-06 14:59:40.511971+09,2026-07-06 14:59:40.511971+09
2311,1,13,2026-05-22,full,09:00:00,18:00:00,予約連動出勤（静的予約補正）,2026-07-06 14:59:40.511971+09,2026-07-06 14:59:40.511971+09
2315,1,33,2026-05-06,full,09:00:00,18:00:00,予約連動出勤（静的予約補正）,2026-07-06 14:59:40.511971+09,2026-07-06 14:59:40.511971+09
2347,1,33,2026-05-04,full,09:00:00,18:00:00,予約連動出勤（静的予約補正）,2026-07-06 14:59:40.511971+09,2026-07-06 14:59:40.511971+09
2359,1,33,2026-05-07,full,09:00:00,18:00:00,予約連動出勤（静的予約補正）,2026-07-06 14:59:40.511971+09,2026-07-06 14:59:40.511971+09
2371,1,33,2026-05-03,full,09:00:00,18:00:00,予約連動出勤（静的予約補正）,2026-07-06 14:59:40.511971+09,2026-07-06 14:59:40.511971+09
2383,1,12,2026-05-22,full,09:00:00,18:00:00,予約連動出勤（静的予約補正）,2026-07-06 14:59:40.511971+09,2026-07-06 14:59:40.511971+09
2392,1,33,2026-05-02,full,09:00:00,18:00:00,予約連動出勤（静的予約補正）,2026-07-06 14:59:40.511971+09,2026-07-06 14:59:40.511971+09
2427,1,33,2026-05-01,full,09:00:00,18:00:00,予約連動出勤（静的予約補正）,2026-07-06 14:59:40.511971+09,2026-07-06 14:59:40.511971+09
2433,1,33,2026-05-09,full,09:00:00,18:00:00,予約連動出勤（静的予約補正）,2026-07-06 14:59:40.511971+09,2026-07-06 14:59:40.511971+09
2436,1,33,2026-05-08,full,09:00:00,18:00:00,予約連動出勤（静的予約補正）,2026-07-06 14:59:40.511971+09,2026-07-06 14:59:40.511971+09
2455,1,33,2026-05-05,full,09:00:00,18:00:00,予約連動出勤（静的予約補正）,2026-07-06 14:59:40.511971+09,2026-07-06 14:59:40.511971+09
2459,1,33,2026-05-10,full,09:00:00,18:00:00,予約連動出勤（静的予約補正）,2026-07-06 14:59:40.511971+09,2026-07-06 14:59:40.511971+09
